model,consume_profile_label,policy,policy_label,max_num_seqs,lambda_req_s,mean_admitted_inflight_requests,valid_consumable_unit_count,violated_unit_count,run_count,validity_pass,no_harm_pass,request_any_unit_missed_count,measured_request_count,unit_deadline_miss_rate,request_any_unit_miss_rate,cell_valid
Qwen/Qwen3.5-35B-A3B,Reading,baseline,vLLM,128,8.0,127.99944948211548,23138.0,10.0,1,False,True,10,1025,0.0004321894718644654,0.00975609756097561,False
Qwen/Qwen3.5-35B-A3B,Reading,baseline,vLLM,128,16.0,127.99944662446305,23288.0,10.0,1,False,True,10,1025,0.0004294057025077293,0.00975609756097561,False
Qwen/Qwen3.5-35B-A3B,Reading,baseline,vLLM,128,32.0,128.0,23176.0,8.0,1,False,True,8,1025,0.00034518467380048324,0.007804878048780488,False
Qwen/Qwen3.5-35B-A3B,Reading,baseline,vLLM,128,48.0,128.0,23416.0,11.0,1,False,True,11,1025,0.0004697642637512812,0.010731707317073172,False
Qwen/Qwen3.5-35B-A3B,Reading,baseline,vLLM,128,64.0,127.9983392748244,23214.0,8.0,1,False,True,8,1025,0.0003446196260877057,0.007804878048780488,False
Qwen/Qwen3.5-35B-A3B,Reading,baseline,vLLM,128,80.0,127.99946294060729,23400.0,13.0,1,False,True,13,1025,0.0005555555555555556,0.012682926829268294,False
Qwen/Qwen3.5-35B-A3B,Reading,baseline,vLLM,256,8.0,255.99535324971657,23527.0,227.0,1,False,True,157,1025,0.009648488970119436,0.15317073170731707,False
Qwen/Qwen3.5-35B-A3B,Reading,baseline,vLLM,256,16.0,255.99004996779954,23521.0,233.0,1,False,True,156,1025,0.009906041409804004,0.1521951219512195,False
Qwen/Qwen3.5-35B-A3B,Reading,baseline,vLLM,256,32.0,255.99360773007362,23423.0,254.0,1,False,True,151,1025,0.010844042180762499,0.1473170731707317,False
Qwen/Qwen3.5-35B-A3B,Reading,baseline,vLLM,256,48.0,255.99573484339024,23616.0,241.0,1,False,True,162,1025,0.010204945799457995,0.15804878048780488,False
Qwen/Qwen3.5-35B-A3B,Reading,baseline,vLLM,256,64.0,255.98765702638875,23377.0,259.0,1,False,True,158,1025,0.011079265945159773,0.15414634146341463,False
Qwen/Qwen3.5-35B-A3B,Reading,baseline,vLLM,256,80.0,255.9854899290226,23630.0,250.0,1,False,True,158,1025,0.010579771476936098,0.15414634146341463,False
Qwen/Qwen3.5-35B-A3B,Reading,sslo,Adaptive,128,8.0,280.6835215967072,20377.0,13.0,1,False,True,9,1025,0.0006379741865829121,0.00878048780487805,False
Qwen/Qwen3.5-35B-A3B,Reading,sslo,Adaptive,128,16.0,279.69392553070895,20502.0,13.0,1,False,True,13,1025,0.0006340844795629695,0.012682926829268294,False
Qwen/Qwen3.5-35B-A3B,Reading,sslo,Adaptive,128,32.0,279.8677826055054,20198.0,9.0,1,False,True,9,1025,0.000445588672145757,0.00878048780487805,False
Qwen/Qwen3.5-35B-A3B,Reading,sslo,Adaptive,128,48.0,280.2447783058268,20230.0,10.0,1,False,True,9,1025,0.0004943153732081067,0.00878048780487805,False
Qwen/Qwen3.5-35B-A3B,Reading,sslo,Adaptive,128,64.0,279.7440370154538,20710.0,33.0,1,False,True,32,1025,0.0015934331240946402,0.03121951219512195,False
Qwen/Qwen3.5-35B-A3B,Reading,sslo,Adaptive,128,80.0,250.30261955894636,21289.0,47.0,1,False,True,37,1025,0.002207712903377331,0.03609756097560975,False
Qwen/Qwen3.5-35B-A3B,Reading,sslo,Adaptive,256,8.0,267.76903400944366,22739.0,24.0,1,False,True,20,1025,0.001055455385021329,0.01951219512195122,False
Qwen/Qwen3.5-35B-A3B,Reading,sslo,Adaptive,256,16.0,263.6232881194786,22291.0,41.0,1,False,True,40,1025,0.0018393073437710287,0.03902439024390244,False
Qwen/Qwen3.5-35B-A3B,Reading,sslo,Adaptive,256,32.0,263.79083542485915,23012.0,53.0,1,False,True,42,1025,0.0023031461845993396,0.04097560975609756,False
Qwen/Qwen3.5-35B-A3B,Reading,sslo,Adaptive,256,48.0,261.39599664642805,22419.0,37.0,1,False,True,33,1025,0.001650385833444846,0.03219512195121951,False
Qwen/Qwen3.5-35B-A3B,Reading,sslo,Adaptive,256,64.0,268.5089294537313,22789.0,23.0,1,False,True,22,1025,0.0010092588529553733,0.021463414634146343,False
Qwen/Qwen3.5-35B-A3B,Reading,sslo,Adaptive,256,80.0,263.0889482747982,22301.0,45.0,1,False,True,37,1025,0.0020178467333303437,0.03609756097560975,False
Qwen/Qwen3.5-9B,Reading,baseline,vLLM,128,8.0,127.99347028613037,23292.0,0.0,1,False,True,0,1025,0.0,0.0,False
Qwen/Qwen3.5-9B,Reading,baseline,vLLM,128,16.0,127.99911204377898,22997.0,0.0,1,False,True,0,1025,0.0,0.0,False
Qwen/Qwen3.5-9B,Reading,baseline,vLLM,128,32.0,127.99875169764688,22713.0,0.0,1,False,True,0,1025,0.0,0.0,False
Qwen/Qwen3.5-9B,Reading,baseline,vLLM,128,48.0,127.99780444549832,22900.0,0.0,1,False,True,0,1025,0.0,0.0,False
Qwen/Qwen3.5-9B,Reading,baseline,vLLM,128,64.0,127.99822037180701,23223.0,0.0,1,False,True,0,1025,0.0,0.0,False
Qwen/Qwen3.5-9B,Reading,baseline,vLLM,128,80.0,127.99905661038936,22839.0,1.0,1,False,True,1,1025,4.3784754148605455e-05,0.000975609756097561,False
Qwen/Qwen3.5-9B,Reading,baseline,vLLM,256,8.0,255.98339362748854,22588.0,24.0,1,False,True,24,1025,0.0010625110678236232,0.023414634146341463,False
Qwen/Qwen3.5-9B,Reading,baseline,vLLM,256,16.0,255.99438042174063,22687.0,23.0,1,False,True,22,1025,0.0010137964473046239,0.021463414634146343,False
Qwen/Qwen3.5-9B,Reading,baseline,vLLM,256,32.0,255.98934151358,22921.0,26.0,1,False,True,25,1025,0.0011343309628724751,0.024390243902439025,False
Qwen/Qwen3.5-9B,Reading,baseline,vLLM,256,48.0,255.9921822609314,23017.0,24.0,1,False,True,22,1025,0.0010427075639744536,0.021463414634146343,False
Qwen/Qwen3.5-9B,Reading,baseline,vLLM,256,64.0,255.99116227358073,22766.0,22.0,1,False,True,22,1025,0.000966353333919002,0.021463414634146343,False
Qwen/Qwen3.5-9B,Reading,baseline,vLLM,256,80.0,255.9923518470217,23292.0,14.0,1,False,True,13,1025,0.0006010647432594882,0.012682926829268294,False
Qwen/Qwen3.5-9B,Reading,sslo,Adaptive,128,8.0,392.22667880280807,18283.0,21.0,1,False,True,21,1025,0.0011486079964994804,0.02048780487804878,False
Qwen/Qwen3.5-9B,Reading,sslo,Adaptive,128,16.0,663.6826542190817,12901.0,9.0,1,False,True,9,1025,0.0006976203395085652,0.00878048780487805,False
Qwen/Qwen3.5-9B,Reading,sslo,Adaptive,128,32.0,622.6861151566361,13428.0,2.0,1,False,True,2,1025,0.00014894250819183795,0.001951219512195122,False
Qwen/Qwen3.5-9B,Reading,sslo,Adaptive,128,48.0,662.6028798865026,13227.0,1.0,1,False,True,1,1025,7.560293339381567e-05,0.000975609756097561,False
Qwen/Qwen3.5-9B,Reading,sslo,Adaptive,128,64.0,656.8617780029028,13170.0,2.0,1,False,True,2,1025,0.00015186028853454822,0.001951219512195122,False
Qwen/Qwen3.5-9B,Reading,sslo,Adaptive,128,80.0,682.6043906048708,12946.0,2.0,1,False,True,2,1025,0.0001544878727019929,0.001951219512195122,False
Qwen/Qwen3.5-9B,Reading,sslo,Adaptive,256,8.0,471.2448662203516,15402.0,6.0,1,True,True,6,1025,0.00038955979742890534,0.005853658536585366,True
Qwen/Qwen3.5-9B,Reading,sslo,Adaptive,256,16.0,768.3373040396239,14466.0,14.0,1,False,True,14,1025,0.0009677865339416563,0.013658536585365854,False
Qwen/Qwen3.5-9B,Reading,sslo,Adaptive,256,32.0,809.4242571891617,14484.0,9.0,1,False,True,9,1025,0.0006213753106876554,0.00878048780487805,False
Qwen/Qwen3.5-9B,Reading,sslo,Adaptive,256,48.0,807.253003851978,13905.0,5.0,1,False,True,5,1025,0.0003595828838547285,0.004878048780487805,False
Qwen/Qwen3.5-9B,Reading,sslo,Adaptive,256,64.0,820.3550865535075,14188.0,4.0,1,False,True,4,1025,0.000281928390188892,0.003902439024390244,False
Qwen/Qwen3.5-9B,Reading,sslo,Adaptive,256,80.0,758.3949354001966,14994.0,3.0,1,False,True,3,1025,0.00020008003201280514,0.002926829268292683,False
Qwen/Qwen3.5-35B-A3B,TTS (Kokoro-82M),baseline,vLLM,128,8.0,127.9994626290724,23027.0,1.0,1,False,True,1,1025,4.342728101793547e-05,0.000975609756097561,False
Qwen/Qwen3.5-35B-A3B,TTS (Kokoro-82M),baseline,vLLM,128,16.0,127.99894555433487,23293.0,0.0,1,False,True,0,1025,0.0,0.0,False
Qwen/Qwen3.5-35B-A3B,TTS (Kokoro-82M),baseline,vLLM,128,32.0,127.9979572259317,23480.0,1.0,1,False,True,1,1025,4.258943781942078e-05,0.000975609756097561,False
Qwen/Qwen3.5-35B-A3B,TTS (Kokoro-82M),baseline,vLLM,128,48.0,127.99945993871926,23295.0,0.0,1,False,True,0,1025,0.0,0.0,False
Qwen/Qwen3.5-35B-A3B,TTS (Kokoro-82M),baseline,vLLM,128,64.0,127.99885063711021,23157.0,0.0,1,False,True,0,1025,0.0,0.0,False
Qwen/Qwen3.5-35B-A3B,TTS (Kokoro-82M),baseline,vLLM,128,80.0,127.99805658256714,23564.0,0.0,1,False,True,0,1025,0.0,0.0,False
Qwen/Qwen3.5-35B-A3B,TTS (Kokoro-82M),baseline,vLLM,256,8.0,255.99307247249004,23438.0,22.0,1,False,True,22,1025,0.0009386466422049663,0.021463414634146343,False
Qwen/Qwen3.5-35B-A3B,TTS (Kokoro-82M),baseline,vLLM,256,16.0,255.98879603652105,23601.0,25.0,1,False,True,25,1025,0.0010592771492733358,0.024390243902439025,False
Qwen/Qwen3.5-35B-A3B,TTS (Kokoro-82M),baseline,vLLM,256,32.0,255.9891877322615,23283.0,25.0,1,False,True,25,1025,0.0010737447923377572,0.024390243902439025,False
Qwen/Qwen3.5-35B-A3B,TTS (Kokoro-82M),baseline,vLLM,256,48.0,255.99211960341577,23359.0,20.0,1,False,True,20,1025,0.0008562010360032536,0.01951219512195122,False
Qwen/Qwen3.5-35B-A3B,TTS (Kokoro-82M),baseline,vLLM,256,64.0,255.99306820386352,23354.0,23.0,1,False,True,23,1025,0.0009848419970882932,0.0224390243902439,False
Qwen/Qwen3.5-35B-A3B,TTS (Kokoro-82M),baseline,vLLM,256,80.0,255.98894157454745,23524.0,26.0,1,False,True,25,1025,0.0011052542084679477,0.024390243902439025,False
Qwen/Qwen3.5-35B-A3B,TTS (Kokoro-82M),sslo,Adaptive,128,8.0,279.4445765569743,19221.0,1.0,1,False,True,1,1025,5.202642942614848e-05,0.000975609756097561,False
Qwen/Qwen3.5-35B-A3B,TTS (Kokoro-82M),sslo,Adaptive,128,16.0,277.8388484285718,19473.0,1.0,1,False,True,1,1025,5.135315565141478e-05,0.000975609756097561,False
Qwen/Qwen3.5-35B-A3B,TTS (Kokoro-82M),sslo,Adaptive,128,32.0,278.3468037798192,19431.0,0.0,1,False,True,0,1025,0.0,0.0,False
Qwen/Qwen3.5-35B-A3B,TTS (Kokoro-82M),sslo,Adaptive,128,48.0,278.6049287203685,19453.0,1.0,1,False,True,1,1025,5.140595280933532e-05,0.000975609756097561,False
Qwen/Qwen3.5-35B-A3B,TTS (Kokoro-82M),sslo,Adaptive,128,64.0,280.8862797615783,19226.0,1.0,1,False,True,1,1025,5.2012899199001353e-05,0.000975609756097561,False
Qwen/Qwen3.5-35B-A3B,TTS (Kokoro-82M),sslo,Adaptive,128,80.0,279.32440632829116,19783.0,4.0,1,False,True,4,1025,0.0002021938027599454,0.003902439024390244,False
Qwen/Qwen3.5-35B-A3B,TTS (Kokoro-82M),sslo,Adaptive,256,8.0,265.0536727198471,22525.0,4.0,1,False,True,4,1025,0.00017758046614872364,0.003902439024390244,False
Qwen/Qwen3.5-35B-A3B,TTS (Kokoro-82M),sslo,Adaptive,256,16.0,262.8923649132487,21968.0,7.0,1,False,True,7,1025,0.00031864530225782955,0.006829268292682927,False
Qwen/Qwen3.5-35B-A3B,TTS (Kokoro-82M),sslo,Adaptive,256,32.0,266.8471557576291,22631.0,12.0,1,False,True,12,1025,0.0005302461225752287,0.011707317073170732,False
Qwen/Qwen3.5-35B-A3B,TTS (Kokoro-82M),sslo,Adaptive,256,48.0,266.6357347012289,22736.0,9.0,1,False,True,9,1025,0.00039584799437016185,0.00878048780487805,False
Qwen/Qwen3.5-35B-A3B,TTS (Kokoro-82M),sslo,Adaptive,256,64.0,267.1037614350417,22188.0,14.0,1,False,True,14,1025,0.0006309716964124752,0.013658536585365854,False
Qwen/Qwen3.5-35B-A3B,TTS (Kokoro-82M),sslo,Adaptive,256,80.0,266.31489035192664,22406.0,2.0,1,False,True,2,1025,8.926180487369455e-05,0.001951219512195122,False
Qwen/Qwen3.5-9B,TTS (Kokoro-82M),baseline,vLLM,128,8.0,127.99865572489244,23228.0,0.0,1,False,True,0,1025,0.0,0.0,False
Qwen/Qwen3.5-9B,TTS (Kokoro-82M),baseline,vLLM,128,16.0,127.99909054507388,23032.0,0.0,1,False,True,0,1025,0.0,0.0,False
Qwen/Qwen3.5-9B,TTS (Kokoro-82M),baseline,vLLM,128,32.0,127.99431813349688,22660.0,0.0,1,False,True,0,1025,0.0,0.0,False
Qwen/Qwen3.5-9B,TTS (Kokoro-82M),baseline,vLLM,128,48.0,127.99909745215918,22780.0,0.0,1,False,True,0,1025,0.0,0.0,False
Qwen/Qwen3.5-9B,TTS (Kokoro-82M),baseline,vLLM,128,64.0,127.9959097960701,22928.0,0.0,1,False,True,0,1025,0.0,0.0,False
Qwen/Qwen3.5-9B,TTS (Kokoro-82M),baseline,vLLM,128,80.0,127.9990940179093,23077.0,0.0,1,False,True,0,1025,0.0,0.0,False
Qwen/Qwen3.5-9B,TTS (Kokoro-82M),baseline,vLLM,256,8.0,255.99596810702636,22684.0,2.0,1,False,True,2,1025,8.816787162757891e-05,0.001951219512195122,False
Qwen/Qwen3.5-9B,TTS (Kokoro-82M),baseline,vLLM,256,16.0,255.9900271585198,23152.0,3.0,1,False,True,3,1025,0.0001295784381478922,0.002926829268292683,False
Qwen/Qwen3.5-9B,TTS (Kokoro-82M),baseline,vLLM,256,32.0,255.99215233595862,23055.0,4.0,1,False,True,4,1025,0.0001734981565820863,0.003902439024390244,False
Qwen/Qwen3.5-9B,TTS (Kokoro-82M),baseline,vLLM,256,48.0,255.98935627957852,23034.0,1.0,1,False,True,1,1025,4.341408352869671e-05,0.000975609756097561,False
Qwen/Qwen3.5-9B,TTS (Kokoro-82M),baseline,vLLM,256,64.0,255.9942139983291,23234.0,1.0,1,False,True,1,1025,4.3040371868812945e-05,0.000975609756097561,False
Qwen/Qwen3.5-9B,TTS (Kokoro-82M),baseline,vLLM,256,80.0,255.98812509474226,23088.0,0.0,1,False,True,0,1025,0.0,0.0,False
Qwen/Qwen3.5-9B,TTS (Kokoro-82M),sslo,Adaptive,128,8.0,523.3767032960891,11301.0,8.0,1,False,True,7,1025,0.0007079019555791523,0.006829268292682927,False
Qwen/Qwen3.5-9B,TTS (Kokoro-82M),sslo,Adaptive,128,16.0,921.3585920959565,9730.0,10.0,1,False,True,10,1025,0.0010277492291880781,0.00975609756097561,False
Qwen/Qwen3.5-9B,TTS (Kokoro-82M),sslo,Adaptive,128,32.0,929.7912182353493,9560.0,0.0,1,False,True,0,1025,0.0,0.0,False
Qwen/Qwen3.5-9B,TTS (Kokoro-82M),sslo,Adaptive,128,48.0,923.2533401894271,9160.0,1.0,1,False,True,1,1025,0.0001091703056768559,0.000975609756097561,False
Qwen/Qwen3.5-9B,TTS (Kokoro-82M),sslo,Adaptive,128,64.0,895.2632904355886,9698.0,0.0,1,False,True,0,1025,0.0,0.0,False
Qwen/Qwen3.5-9B,TTS (Kokoro-82M),sslo,Adaptive,128,80.0,922.9746328299735,9463.0,1.0,1,False,True,1,1025,0.00010567473317129874,0.000975609756097561,False
Qwen/Qwen3.5-9B,TTS (Kokoro-82M),sslo,Adaptive,256,8.0,630.0748627102876,13136.0,5.0,1,False,True,5,1025,0.00038063337393422653,0.004878048780487805,False
Qwen/Qwen3.5-9B,TTS (Kokoro-82M),sslo,Adaptive,256,16.0,981.8769143360926,12512.0,14.0,1,False,True,8,1025,0.001118925831202046,0.007804878048780488,False
Qwen/Qwen3.5-9B,TTS (Kokoro-82M),sslo,Adaptive,256,32.0,989.4698809388774,12168.0,1.0,1,False,True,1,1025,8.21827744904668e-05,0.000975609756097561,False
Qwen/Qwen3.5-9B,TTS (Kokoro-82M),sslo,Adaptive,256,48.0,988.430035059996,12115.0,1.0,1,False,True,1,1025,8.254230293025175e-05,0.000975609756097561,False
Qwen/Qwen3.5-9B,TTS (Kokoro-82M),sslo,Adaptive,256,64.0,985.6497150619359,12443.0,5.0,1,False,True,5,1025,0.00040183235554126816,0.004878048780487805,False
Qwen/Qwen3.5-9B,TTS (Kokoro-82M),sslo,Adaptive,256,80.0,985.8998794128892,12242.0,2.0,1,False,True,2,1025,0.00016337199803953602,0.001951219512195122,False
Qwen/Qwen3.5-35B-A3B,TTS (Supertonic-3),baseline,vLLM,128,8.0,127.99944615324144,23017.0,1.0,1,False,True,1,1025,4.344614849893557e-05,0.000975609756097561,False
Qwen/Qwen3.5-35B-A3B,TTS (Supertonic-3),baseline,vLLM,128,16.0,127.99897738195438,23413.0,1.0,1,False,True,1,1025,4.2711314227138767e-05,0.000975609756097561,False
Qwen/Qwen3.5-35B-A3B,TTS (Supertonic-3),baseline,vLLM,128,32.0,127.99736932546075,23111.0,0.0,1,False,True,0,1025,0.0,0.0,False
Qwen/Qwen3.5-35B-A3B,TTS (Supertonic-3),baseline,vLLM,128,48.0,127.99884011246934,23204.0,0.0,1,False,True,0,1025,0.0,0.0,False
Qwen/Qwen3.5-35B-A3B,TTS (Supertonic-3),baseline,vLLM,128,64.0,127.99956400070005,23425.0,2.0,1,False,True,2,1025,8.537886872998933e-05,0.001951219512195122,False
Qwen/Qwen3.5-35B-A3B,TTS (Supertonic-3),baseline,vLLM,128,80.0,128.0,23407.0,0.0,1,False,True,0,1025,0.0,0.0,False
Qwen/Qwen3.5-35B-A3B,TTS (Supertonic-3),baseline,vLLM,256,8.0,255.9879383163334,23120.0,18.0,1,False,True,18,1025,0.0007785467128027682,0.0175609756097561,False
Qwen/Qwen3.5-35B-A3B,TTS (Supertonic-3),baseline,vLLM,256,16.0,255.99173934537637,23363.0,13.0,1,False,True,13,1025,0.0005564353892907589,0.012682926829268294,False
Qwen/Qwen3.5-35B-A3B,TTS (Supertonic-3),baseline,vLLM,256,32.0,255.989913908806,22999.0,12.0,1,False,True,12,1025,0.0005217618157311188,0.011707317073170732,False
Qwen/Qwen3.5-35B-A3B,TTS (Supertonic-3),baseline,vLLM,256,48.0,255.99330157117782,23441.0,21.0,1,False,True,21,1025,0.0008958662173115481,0.02048780487804878,False
Qwen/Qwen3.5-35B-A3B,TTS (Supertonic-3),baseline,vLLM,256,64.0,255.98778881320138,23520.0,12.0,1,False,True,12,1025,0.0005102040816326531,0.011707317073170732,False
Qwen/Qwen3.5-35B-A3B,TTS (Supertonic-3),baseline,vLLM,256,80.0,255.99511170789074,23488.0,13.0,1,False,True,13,1025,0.0005534741144414169,0.012682926829268294,False
Qwen/Qwen3.5-35B-A3B,TTS (Supertonic-3),sslo,Adaptive,128,8.0,276.8771685111508,19607.0,2.0,1,False,True,2,1025,0.00010200438618860611,0.001951219512195122,False
Qwen/Qwen3.5-35B-A3B,TTS (Supertonic-3),sslo,Adaptive,128,16.0,278.67212313689055,19835.0,4.0,1,False,True,4,1025,0.000201663725737333,0.003902439024390244,False
Qwen/Qwen3.5-35B-A3B,TTS (Supertonic-3),sslo,Adaptive,128,32.0,279.08773828858494,19337.0,2.0,1,False,True,2,1025,0.00010342866008170864,0.001951219512195122,False
Qwen/Qwen3.5-35B-A3B,TTS (Supertonic-3),sslo,Adaptive,128,48.0,275.7151136525604,19610.0,3.0,1,False,True,3,1025,0.00015298317185109638,0.002926829268292683,False
Qwen/Qwen3.5-35B-A3B,TTS (Supertonic-3),sslo,Adaptive,128,64.0,279.2004046730594,19423.0,11.0,1,False,True,11,1025,0.0005663388765896103,0.010731707317073172,False
Qwen/Qwen3.5-35B-A3B,TTS (Supertonic-3),sslo,Adaptive,128,80.0,278.72000269740016,19368.0,10.0,1,False,True,5,1025,0.0005163155720776538,0.004878048780487805,False
Qwen/Qwen3.5-35B-A3B,TTS (Supertonic-3),sslo,Adaptive,256,8.0,263.7559565536821,22229.0,4.0,1,False,True,4,1025,0.00017994511673939448,0.003902439024390244,False
Qwen/Qwen3.5-35B-A3B,TTS (Supertonic-3),sslo,Adaptive,256,16.0,266.66084371934636,22896.0,5.0,1,False,True,5,1025,0.00021837875611460517,0.004878048780487805,False
Qwen/Qwen3.5-35B-A3B,TTS (Supertonic-3),sslo,Adaptive,256,32.0,267.8718993404105,22360.0,14.0,1,False,True,14,1025,0.0006261180679785331,0.013658536585365854,False
Qwen/Qwen3.5-35B-A3B,TTS (Supertonic-3),sslo,Adaptive,256,48.0,266.9730448324218,22689.0,15.0,1,False,True,15,1025,0.0006611133148221605,0.014634146341463415,False
Qwen/Qwen3.5-35B-A3B,TTS (Supertonic-3),sslo,Adaptive,256,64.0,266.67513512427473,22559.0,7.0,1,False,True,7,1025,0.0003102974422625116,0.006829268292682927,False
Qwen/Qwen3.5-35B-A3B,TTS (Supertonic-3),sslo,Adaptive,256,80.0,263.07749416387577,22656.0,12.0,1,False,True,12,1025,0.0005296610169491525,0.011707317073170732,False
Qwen/Qwen3.5-9B,TTS (Supertonic-3),baseline,vLLM,128,8.0,128.0,23057.0,0.0,1,False,True,0,1025,0.0,0.0,False
Qwen/Qwen3.5-9B,TTS (Supertonic-3),baseline,vLLM,128,16.0,127.9997906340948,23082.0,0.0,1,False,True,0,1025,0.0,0.0,False
Qwen/Qwen3.5-9B,TTS (Supertonic-3),baseline,vLLM,128,32.0,127.99883843426802,22824.0,0.0,1,False,True,0,1025,0.0,0.0,False
Qwen/Qwen3.5-9B,TTS (Supertonic-3),baseline,vLLM,128,48.0,127.99953270288256,23148.0,0.0,1,False,True,0,1025,0.0,0.0,False
Qwen/Qwen3.5-9B,TTS (Supertonic-3),baseline,vLLM,128,64.0,127.99909367979662,23347.0,0.0,1,False,True,0,1025,0.0,0.0,False
Qwen/Qwen3.5-9B,TTS (Supertonic-3),baseline,vLLM,128,80.0,127.99864810153395,23007.0,0.0,1,False,True,0,1025,0.0,0.0,False
Qwen/Qwen3.5-9B,TTS (Supertonic-3),baseline,vLLM,256,8.0,255.98670442160284,22863.0,2.0,1,False,True,2,1025,8.747758386913353e-05,0.001951219512195122,False
Qwen/Qwen3.5-9B,TTS (Supertonic-3),baseline,vLLM,256,16.0,255.9777906554306,22883.0,2.0,1,False,True,2,1025,8.740112747454443e-05,0.001951219512195122,False
Qwen/Qwen3.5-9B,TTS (Supertonic-3),baseline,vLLM,256,32.0,255.9903228475531,23199.0,2.0,1,False,True,2,1025,8.6210612526402e-05,0.001951219512195122,False
Qwen/Qwen3.5-9B,TTS (Supertonic-3),baseline,vLLM,256,48.0,255.99263930382568,22927.0,3.0,1,False,True,3,1025,0.00013085008941422777,0.002926829268292683,False
Qwen/Qwen3.5-9B,TTS (Supertonic-3),baseline,vLLM,256,64.0,255.99129483576414,22958.0,3.0,1,False,True,3,1025,0.00013067340360658594,0.002926829268292683,False
Qwen/Qwen3.5-9B,TTS (Supertonic-3),baseline,vLLM,256,80.0,255.99008532635762,23292.0,1.0,1,False,True,1,1025,4.29331959471063e-05,0.000975609756097561,False
Qwen/Qwen3.5-9B,TTS (Supertonic-3),sslo,Adaptive,128,8.0,576.4879135360496,10167.0,7.0,1,False,True,7,1025,0.0006885020163273335,0.006829268292682927,False
Qwen/Qwen3.5-9B,TTS (Supertonic-3),sslo,Adaptive,128,16.0,940.5291612092667,8830.0,0.0,1,False,True,0,1025,0.0,0.0,False
Qwen/Qwen3.5-9B,TTS (Supertonic-3),sslo,Adaptive,128,32.0,998.4907887743308,8931.0,2.0,1,False,True,2,1025,0.00022393908856790953,0.001951219512195122,False
Qwen/Qwen3.5-9B,TTS (Supertonic-3),sslo,Adaptive,128,48.0,642.8253475917286,13291.0,0.0,1,False,True,0,1025,0.0,0.0,False
Qwen/Qwen3.5-9B,TTS (Supertonic-3),sslo,Adaptive,128,64.0,984.5653461049695,9115.0,5.0,1,False,True,5,1025,0.0005485463521667581,0.004878048780487805,False
Qwen/Qwen3.5-9B,TTS (Supertonic-3),sslo,Adaptive,128,80.0,998.277166710066,8897.0,2.0,1,False,True,2,1025,0.00022479487467685737,0.001951219512195122,False
Qwen/Qwen3.5-9B,TTS (Supertonic-3),sslo,Adaptive,256,8.0,587.300685093704,11859.0,3.0,1,True,True,3,1025,0.00025297242600556537,0.002926829268292683,True
Qwen/Qwen3.5-9B,TTS (Supertonic-3),sslo,Adaptive,256,16.0,987.0841886712138,11685.0,7.0,1,False,True,7,1025,0.0005990586221651691,0.006829268292682927,False
Qwen/Qwen3.5-9B,TTS (Supertonic-3),sslo,Adaptive,256,32.0,990.074190640343,12198.0,4.0,1,False,True,4,1025,0.0003279226102639777,0.003902439024390244,False
Qwen/Qwen3.5-9B,TTS (Supertonic-3),sslo,Adaptive,256,48.0,993.3781434163791,12242.0,4.0,1,False,True,4,1025,0.00032674399607907203,0.003902439024390244,False
Qwen/Qwen3.5-9B,TTS (Supertonic-3),sslo,Adaptive,256,64.0,995.4602492737496,12331.0,3.0,1,False,True,3,1025,0.0002432892709431514,0.002926829268292683,False
Qwen/Qwen3.5-9B,TTS (Supertonic-3),sslo,Adaptive,256,80.0,993.2735429934855,12163.0,3.0,1,False,True,3,1025,0.0002466496752445943,0.002926829268292683,False
