model,cap,rate,mode,adm_m,run_m,pend_m,viol_tau_0.5_pct,viol_tau_1_pct,viol_tau_2_pct,max_stall_p99,max_stall_max,ttfc_mean,ttfc_p99,tokens_per_second,in_window_count,critical_pct,out_tokens_mean,out_tokens_p99,chunk_tokens_mean,chunk_tokens_p99
Qwen3.5-9B,16,0.5,baseline,4.25,4.25,0,1.0989,0,0,0.265,0.789,0.45,1.19,354.9,91,0.0,701.9,2048,27.98,65
Qwen3.5-9B,16,0.5,sslo_mlp,4.19,4.19,0,1.0753,0,0,0.256,0.783,0.45,1.19,357.6,93,1.9,692.1,2048,27.69,65
Qwen3.5-9B,16,1,baseline,9.26,9.26,0,0.4975,0,0,0.306,0.815,0.58,2.34,770.3,201,0.0,689.9,2048,28.12,67
Qwen3.5-9B,16,1,sslo_mlp,9.38,9.31,0.07,0.4975,0,0,0.274,0.669,0.55,2.03,774.2,201,7.2,693.3,2048,28.25,68
Qwen3.5-9B,16,2,baseline,14.56,14.56,0,0,0,0,0.334,0.436,25.85,41.17,1345.4,384,0.0,630.6,2048,27.66,65
Qwen3.5-9B,16,2,sslo_mlp,58.37,14.83,43.54,0.5249,0,0,0.345,0.8,1.46,4.36,1353.5,381,37.8,639.5,2048,27.69,66
Qwen3.5-9B,16,4,baseline,15.53,15.53,0,0.2632,0,0,0.346,0.583,132.68,245.45,2586.4,760,0.0,612.6,2048,27.98,66
Qwen3.5-9B,16,4,sslo_mlp,109.74,15.54,94.21,0.3958,0.1319,0,0.355,1.079,79.78,199.89,2595.7,758,70.4,616.4,2048,27.79,66
Qwen3.5-9B,16,8,baseline,15.76,15.76,0,0.4147,0,0,0.382,0.857,342.82,661.2,5103.1,1447,0.0,634.8,2048,27.92,65
Qwen3.5-9B,16,8,sslo_mlp,115.61,15.79,99.82,0.4811,0,0,0.39,0.708,286.59,598.09,5125.5,1455,80.0,634.1,2048,27.97,67
Qwen3.5-9B,16,12,baseline,15.82,15.82,0,0.5196,0,0,0.357,0.72,540.7,1024.92,7312.7,2117,0.0,621.8,2048,27.87,65
Qwen3.5-9B,16,12,sslo_mlp,119.76,15.9,103.86,0.5208,0,0,0.398,0.958,486.4,971.42,7289.7,2112,82.1,621.3,2048,27.92,65
Qwen3.5-9B,32,0.5,baseline,4.29,4.29,0,0,0,0,0.218,0.32,0.46,1.18,383.7,93,0.0,742.6,2048,27.64,68
Qwen3.5-9B,32,0.5,sslo_mlp,4.29,4.29,0,0,0,0,0.221,0.323,0.46,1.2,372.1,92,1.0,728.1,2048,27.89,72
Qwen3.5-9B,32,1,baseline,8.97,8.97,0,0,0,0,0.205,0.252,0.46,1.15,764.3,201,0.0,684.4,2048,28.01,69
Qwen3.5-9B,32,1,sslo_mlp,9.25,9.25,0,0,0,0,0.251,0.317,0.47,1.16,788.7,201,4.0,706.3,2048,27.61,67
Qwen3.5-9B,32,2,baseline,18.21,18.21,0,0.5141,0,0,0.404,0.551,0.51,1.71,1362.5,389,0.0,630.5,2048,27.98,65
Qwen3.5-9B,32,2,sslo_mlp,18.31,18.29,0.02,0,0,0,0.356,0.456,0.58,2.18,1356.0,389,11.2,627.5,2048,27.76,65
Qwen3.5-9B,32,4,baseline,29.1,29.1,0,0.9309,0,0,0.459,0.768,38.89,69.81,2579.9,752,0.0,617.5,2048,27.85,67
Qwen3.5-9B,32,4,sslo_mlp,134.25,29.14,105.11,0.9309,0,0,0.421,0.97,4.4,17.43,2584.8,752,62.7,618.7,2048,27.78,65
Qwen3.5-9B,32,8,baseline,30.57,30.57,0,1.1057,0,0,0.517,0.997,165.91,318.41,5130.5,1447,0.0,638.2,2048,27.89,66
Qwen3.5-9B,32,8,sslo_mlp,182.04,30.79,151.25,0.9675,0.0691,0,0.468,1.296,117.77,265.87,5064.1,1447,85.4,630.0,2048,27.96,66
Qwen3.5-9B,32,12,baseline,30.94,30.94,0,1.513,0.0946,0,0.553,1.021,288.77,535.68,7227.5,2115,0.0,615.1,2048,27.96,65
Qwen3.5-9B,32,12,sslo_mlp,188.26,31.39,156.87,0.8975,0,0,0.48,0.956,232.31,504.15,7236.8,2117,92.8,615.3,2048,27.93,66
Qwen3.5-9B,64,0.5,baseline,4.74,4.74,0,0,0,0,0.208,0.216,0.47,0.99,408.4,94,0.0,782.0,2048,27.87,71
Qwen3.5-9B,64,0.5,sslo_mlp,4.71,4.71,0,0,0,0,0.211,0.214,0.47,0.99,408.4,94,0.8,782.1,2048,27.59,67
Qwen3.5-9B,64,1,baseline,9.11,9.11,0,0,0,0,0.205,0.253,0.45,1.17,742.0,196,0.0,681.5,2048,27.77,70
Qwen3.5-9B,64,1,sslo_mlp,9.19,9.19,0,0,0,0,0.195,0.253,0.45,1.17,743.1,194,2.2,689.5,2048,27.95,69
Qwen3.5-9B,64,2,baseline,18.07,18.07,0,0.2597,0,0,0.405,0.552,0.48,1.14,1362.3,385,0.0,636.9,2048,27.92,69
Qwen3.5-9B,64,2,sslo_mlp,18.08,18.08,0.0,0,0,0,0.346,0.489,0.53,1.61,1361.7,385,9.2,636.6,2048,28.0,68
Qwen3.5-9B,64,4,baseline,44.66,44.66,0,2.8871,0.2625,0,0.71,1.331,0.91,3.89,2634.3,762,0.0,622.3,2048,27.94,65
Qwen3.5-9B,64,4,sslo_mlp,42.52,41.31,1.21,1.715,0.1319,0,0.649,1.016,1.29,6.26,2581.5,758,44.9,613.0,2048,27.93,66
Qwen3.5-9B,64,8,baseline,57.33,57.33,0,3.3957,0.5544,0,0.824,1.741,81.08,149.59,4981.6,1443,0.0,621.4,2048,27.84,65
Qwen3.5-9B,64,8,sslo_mlp,166.24,57.59,108.65,1.5257,0.1387,0,0.602,1.447,53.71,106.99,4955.5,1442,84.9,618.6,2048,27.98,66
Qwen3.5-9B,64,12,baseline,60.53,60.53,0,3.1459,0.429,0,0.869,1.714,165.9,302.03,7078.2,2098,0.0,607.3,2048,27.8,65
Qwen3.5-9B,64,12,sslo_mlp,183.93,57.44,126.5,1.3829,0.0954,0,0.634,1.562,138.56,275.33,7049.2,2097,91.3,605.1,2048,27.91,65
Qwen3.5-9B,128,0.5,baseline,4.78,4.78,0,0.9346,0,0,0.247,0.728,0.43,1.03,403.8,107,0.0,679.3,2048,28.07,69
Qwen3.5-9B,128,0.5,sslo_mlp,4.82,4.82,0,0.9346,0,0,0.247,0.74,0.44,1.05,401.4,107,0.8,675.2,2048,28.59,70
Qwen3.5-9B,128,1,baseline,8.85,8.85,0,0.4878,0,0,0.375,0.818,0.41,0.93,700.5,205,0.0,615.0,2048,27.73,69
Qwen3.5-9B,128,1,sslo_mlp,8.73,8.73,0,0.4878,0,0,0.374,0.782,0.42,0.99,685.7,205,2.2,602.1,2048,27.36,64
Qwen3.5-9B,128,2,baseline,18.06,18.06,0,0.2653,0,0,0.428,0.512,0.46,1.19,1268.8,377,0.0,605.8,2048,27.99,67
Qwen3.5-9B,128,2,sslo_mlp,18.05,18.05,0,0,0,0,0.409,0.487,0.48,1.15,1233.6,374,5.8,593.7,2048,27.72,64
Qwen3.5-9B,128,4,baseline,45.13,45.13,0,2.2398,0.3953,0,0.703,1.254,0.66,1.57,2598.7,759,0.0,616.3,2048,27.98,66
Qwen3.5-9B,128,4,sslo_mlp,44.1,43.92,0.18,1.3175,0.1318,0,0.591,1.135,0.98,3.75,2601.9,759,36.2,617.0,2048,27.92,65
Qwen3.5-9B,128,8,baseline,101.56,101.56,0,9.4968,6.3785,0.4252,1.775,2.99,52.58,94.14,4878.9,1411,0.0,622.4,2048,27.9,66
Qwen3.5-9B,128,8,sslo_mlp,97.68,78.55,19.12,4.3972,0.7092,0,0.963,1.507,44.02,80.72,4863.9,1410,82.5,620.9,2048,28.07,65
Qwen3.5-9B,128,12,baseline,111.13,111.13,0,10.1808,6.5652,0.7612,1.881,57.191,132.44,231.69,7115.1,2102,0.0,609.3,2048,27.95,67
Qwen3.5-9B,128,12,sslo_mlp,128.79,75.8,52.98,3.4286,0.619,0.0476,0.869,2.337,128.55,228.73,7096.5,2100,90.0,608.3,2048,27.89,65
Qwen3.5-35B-A3B,64,0.5,baseline,5.26,5.26,0,2.1277,0,0,0.551,0.582,0.64,1.49,414.2,94,0.0,793.1,2048,27.22,61
Qwen3.5-35B-A3B,64,0.5,sslo_mlp,5.23,5.23,0,2.1739,0,0,0.59,0.774,0.69,1.63,413.7,92,3.1,809.4,2048,27.58,65
Qwen3.5-35B-A3B,64,1,baseline,16.49,16.49,0,10.5528,4.5226,0,1.561,1.858,1.07,2.96,763.7,199,0.0,690.8,2048,27.68,64
Qwen3.5-35B-A3B,64,1,sslo_mlp,16.46,16.46,0.0,10.5528,4.0201,0,1.392,1.583,3.1,13.95,777.7,199,35.4,703.4,2048,27.98,68
Qwen3.5-35B-A3B,64,2,baseline,41.86,41.86,0,12.2762,10.4859,2.8133,2.895,3.366,9.14,16.89,1381.0,391,0.0,635.7,2048,27.52,66
Qwen3.5-35B-A3B,64,2,sslo_mlp,36.05,34.32,1.73,11.5681,8.9974,1.5424,2.156,3.453,35.13,55.26,1366.4,389,76.2,632.2,2048,27.76,67
Qwen3.5-35B-A3B,64,4,baseline,54.14,54.14,0,12.6649,10.8179,4.6174,2.642,4.934,128.63,232.47,2653.6,758,0.0,630.1,2048,27.72,65
Qwen3.5-35B-A3B,64,4,sslo_mlp,41.29,37.51,3.78,11.8421,7.7632,1.3158,2.163,3.644,192.27,341.45,2668.0,760,88.9,631.9,2048,27.96,67
Qwen3.5-35B-A3B,64,8,baseline,58.65,58.65,0,12.2881,9.6045,4.096,2.811,4.603,363.51,624.81,5083.2,1416,0.0,646.2,2048,28.11,67
Qwen3.5-35B-A3B,64,8,sslo_mlp,44.16,40.13,4.03,11.056,7.725,0.9922,1.987,8.179,512.96,812.37,5072.6,1411,93.6,647.1,2048,28.15,66
Qwen3.5-35B-A3B,64,12,baseline,61.29,61.29,0,13.2374,10.6954,3.8369,2.737,4.51,597.09,995.44,7193.0,2085,0.0,621.0,2048,27.97,65
Qwen3.5-35B-A3B,64,12,sslo_mlp,44.93,39.87,5.06,11.2494,7.9943,1.3404,2.133,6.949,822.0,1327.28,7166.5,2089,95.7,617.5,2048,28.12,66
Qwen3.5-35B-A3B,128,0.5,baseline,5.36,5.36,0,2.7778,0,0,0.653,0.844,0.63,1.92,412.2,108,0.0,687.1,2048,27.59,69
Qwen3.5-35B-A3B,128,0.5,sslo_mlp,5.51,5.51,0,3.7037,1.8519,0,1.022,1.275,0.69,1.93,412.5,108,3.8,687.6,2048,27.57,68
Qwen3.5-35B-A3B,128,1,baseline,16.24,16.24,0,10.5263,4.7368,0,1.366,1.435,0.92,2.72,597.7,190,0.0,566.2,2048,27.84,68
Qwen3.5-35B-A3B,128,1,sslo_mlp,16.39,16.39,0.0,9.4737,2.6316,0.5263,1.335,2.025,1.55,7.67,603.3,190,27.3,571.6,2048,27.7,69
Qwen3.5-35B-A3B,128,2,baseline,45.48,45.48,0,12.5,10.3261,6.25,3.116,3.563,1.63,4.24,1264.8,368,0.0,618.7,2048,27.6,66
Qwen3.5-35B-A3B,128,2,sslo_mlp,37.22,37.12,0.1,11.1413,9.7826,2.1739,2.155,8.863,31.87,52.95,1242.9,368,73.3,607.9,2048,27.87,66
Qwen3.5-35B-A3B,128,4,baseline,93.41,93.41,0,17.0501,15.8322,12.3139,4.189,5.734,56.41,105.97,2607.2,739,0.0,635.0,2048,28.15,67
Qwen3.5-35B-A3B,128,4,sslo_mlp,43.84,43.72,0.12,11.6556,9.6689,1.8543,2.323,22.312,230.59,351.0,2673.0,755,87.9,637.3,2048,28.07,65
Qwen3.5-35B-A3B,128,8,baseline,108.96,108.96,0,16.2473,14.9533,10.6398,4.563,8.153,256.97,410.73,4916.5,1391,0.0,636.2,2048,28.24,66
Qwen3.5-35B-A3B,128,8,sslo_mlp,47.58,47.44,0.13,11.5858,8.7618,2.462,2.515,3.89,585.14,873.72,4894.2,1381,92.8,637.9,2048,28.32,67
Qwen3.5-35B-A3B,128,12,baseline,116.69,116.69,0,15.5214,14.4642,10.5238,4.229,10.379,442.19,693.4,7070.3,2081,0.0,611.6,2048,28.1,66
Qwen3.5-35B-A3B,128,12,sslo_mlp,52.46,52.21,0.25,12.3786,9.8058,3.3495,2.678,5.867,901.52,1318.42,6947.6,2060,95.6,607.1,2048,28.07,65
Qwen3.5-35B-A3B,256,0.5,baseline,4.82,4.82,0,0,0,0,0.178,0.327,0.38,0.81,255.0,88,0.0,521.6,2048,27.45,64
Qwen3.5-35B-A3B,256,0.5,sslo_mlp,4.67,4.67,0.0,0,0,0,0.318,0.329,0.39,0.99,265.7,88,2.0,543.4,2048,26.81,62
Qwen3.5-35B-A3B,256,1,baseline,16.35,16.35,0,6.9149,2.6596,0,1.107,1.378,0.82,1.87,638.0,188,0.0,610.9,2048,27.57,64
Qwen3.5-35B-A3B,256,1,sslo_mlp,16.61,16.61,0,6.3492,2.6455,0,1.097,1.217,0.97,2.5,655.7,189,24.6,624.5,2048,26.71,63
Qwen3.5-35B-A3B,256,2,baseline,48.56,48.56,0,13.079,10.0817,4.6322,2.684,4.89,1.67,4.27,1270.3,367,0.0,623.0,2048,28.03,68
Qwen3.5-35B-A3B,256,2,sslo_mlp,44.71,44.59,0.11,14.2857,10.2426,2.4259,2.367,7.449,12.76,28.06,1345.1,371,78.0,652.6,2048,27.97,66
Qwen3.5-35B-A3B,256,4,baseline,133.23,133.23,0,29.2916,26.2943,21.2534,7.979,16.677,20.84,51.61,2604.2,734,0.0,638.6,2048,28.05,64
Qwen3.5-35B-A3B,256,4,sslo_mlp,54.22,54.04,0.19,13.3148,11.0957,3.19,2.474,4.095,226.22,314.84,2556.6,721,86.5,638.3,2048,28.16,65
Qwen3.5-35B-A3B,256,8,baseline,189.68,189.68,0,29.9854,26.8559,20.524,8.357,145.805,215.36,332.76,4837.2,1374,0.0,633.7,2048,28.23,66
Qwen3.5-35B-A3B,256,8,sslo_mlp,56.2,56.01,0.2,12.3247,9.5941,3.1734,2.331,3.121,685.0,916.83,4589.8,1355,95.7,609.7,2048,28.08,67
Qwen3.5-35B-A3B,256,12,baseline,210.17,210.17,0,30.5905,28.122,22.12,8.499,13.751,402.09,614.64,7000.1,2066,0.0,609.9,2048,27.94,65
Qwen3.5-35B-A3B,256,12,sslo_mlp,57.41,57.22,0.19,13.2431,10.6332,2.9483,2.457,4.324,1057.04,1429.79,6820.6,2069,95.1,593.4,2048,28.09,66
Qwen3.5-35B-A3B,512,0.5,baseline,4.63,4.63,0,0,0,0,0.272,0.36,0.52,1.18,297.9,85,0.0,630.9,2048,28.96,70
Qwen3.5-35B-A3B,512,0.5,sslo_mlp,4.62,4.62,0.0,0,0,0,0.332,0.353,0.5,1.07,299.2,86,1.8,626.3,2048,28.86,73
Qwen3.5-35B-A3B,512,1,baseline,17.23,17.23,0,7.8947,2.1053,0,1.227,1.516,0.9,2.05,681.8,190,0.0,645.9,2048,28.22,66
Qwen3.5-35B-A3B,512,1,sslo_mlp,17.22,17.22,0.0,8.9474,2.1053,0.5263,1.353,2.126,1.07,3.55,678.1,190,23.7,642.4,2048,28.29,70
Qwen3.5-35B-A3B,512,2,baseline,54.13,54.13,0,15.1832,13.089,5.4974,2.706,6.568,1.78,4.24,1369.1,382,0.0,645.1,2048,28.03,66
Qwen3.5-35B-A3B,512,2,sslo_mlp,48.23,48.11,0.13,14.1333,11.4667,3.7333,2.539,4.006,15.18,34.37,1339.2,375,79.0,642.8,2048,28.21,65
Qwen3.5-35B-A3B,512,4,baseline,151.44,151.44,0,28.8326,26.301,20.2532,7.506,11.034,40.22,60.11,2601.8,711,0.0,658.7,2048,28.26,66
Qwen3.5-35B-A3B,512,4,sslo_mlp,63.72,63.46,0.26,11.7904,9.7525,3.4934,2.909,4.382,275.01,329.78,2412.9,687,89.8,632.2,2048,28.13,67
Qwen3.5-35B-A3B,512,8,baseline,205.41,205.41,0,32.1764,28.4165,23.355,8.553,13.752,323.14,428.36,4502.2,1383,0.0,586.0,2048,28.04,66
Qwen3.5-35B-A3B,512,8,sslo_mlp,63.04,62.81,0.23,13.3713,11.1664,3.4139,2.71,5.652,878.87,1087.74,4640.1,1406,95.0,594.0,2048,27.89,64
Qwen3.5-35B-A3B,512,12,baseline,223.0,223.0,0,33.1144,29.409,23.4522,8.525,16.279,588.3,802.25,6996.2,2132,0.0,590.7,2048,28.04,66
Qwen3.5-35B-A3B,512,12,sslo_mlp,68.18,67.9,0.28,12.8381,10.5915,3.8056,2.628,5.919,1399.13,1732.86,7205.2,2181,95.5,594.7,2048,27.86,65
