model,tts_backend,word_count_low,word_count_high,row_count,conversion_time_s_mean,conversion_time_s_var,conversion_time_s_std,conversion_time_s_min,conversion_time_s_max,audio_duration_s_mean,audio_duration_s_var,audio_duration_s_std,audio_duration_s_min,audio_duration_s_max,real_time_factor_mean,real_time_factor_var,real_time_factor_std,real_time_factor_min,real_time_factor_max
Supertone/supertonic-3,supertonic,1,1,2626,0.4082655829161582,0.00037186370084916294,0.019283767807385645,0.3686421671882272,0.4510471411049366,1.2878319685128337,0.00039696415772366505,0.01992395938872756,1.2787495851516724,1.3919459581375122,3.180905999235021,0.027362273818526062,0.16541545822118942,2.8760616416207667,3.600448540576676
Supertone/supertonic-3,supertonic,2,2,643,0.41602170185084636,0.0005237719945958848,0.022886065511482853,0.36828667763620615,0.4673966281116009,1.4867382508691316,0.03827943375028618,0.19565130653866378,1.300473690032959,2.2305667400360107,3.58050332428332,0.20357871907139927,0.45119698477649345,3.0394618090969585,5.2654645626709655
Supertone/supertonic-3,supertonic,3,3,624,0.46267941708136284,0.011926089986664612,0.10920663893126925,0.35373046435415745,0.8206311482936144,2.193783920218512,1.114995135991771,1.0559333009199827,1.3585476875305176,6.56526517868042,4.65484319495575,1.4583613761215823,1.2076263396107185,3.2796797677975533,8.237252028642937
Supertone/supertonic-3,supertonic,4,4,709,0.43117966299005006,0.002326152596304005,0.04823020419098394,0.3510159384459257,0.5908387303352356,2.0417380071768365,0.2733937096121699,0.5228706432877733,1.3835079669952393,3.6170454025268555,4.742251341039574,0.8977815569524742,0.9475133544982225,3.2719279306738303,6.617156832962911
Supertone/supertonic-3,supertonic,5,5,637,0.4723456378857139,0.006007982718102994,0.0775111780203539,0.34954765997827053,0.7611478278413415,2.638560477351643,0.47848813686610947,0.691728369279524,1.7603379487991333,4.45476770401001,5.541558856604837,0.5468105666535217,0.7394664067106238,3.9083360464803727,7.395308166164764
Supertone/supertonic-3,supertonic,6,6,613,0.4778317770787165,0.0060802662977157374,0.0779760623378466,0.3514264514669776,0.7930271830409765,2.7216792353268326,0.3990349054992844,0.631692097068884,1.857545256614685,4.503317356109619,5.652264082791706,0.34030900686831067,0.5833601005110914,4.504186627020286,7.100173237458973
Supertone/supertonic-3,supertonic,7,7,568,0.5314678350532631,0.009198785286637425,0.09591029812610023,0.36839304864406586,0.8920846171677113,3.18967775022611,0.544529091325926,0.7379221444881066,2.123131036758423,5.267047882080078,5.965132789428873,0.4197065110417223,0.6478475986231039,4.8877136260123795,7.5921969284964055
Supertone/supertonic-3,supertonic,8,8,662,0.5610037326934628,0.005034555956052916,0.07095460489674307,0.45785508025437593,0.8852294702082872,3.628976992712725,0.4752760784392509,0.6894026968610225,2.4563798904418945,5.208362579345703,6.379445359619378,0.48595231746589285,0.6971028026524444,5.163576574173556,7.867109135539814
Supertone/supertonic-3,supertonic,9,9,654,0.5938535750761222,0.00689823690028673,0.08305562533800302,0.47335455659776926,0.866012567654252,3.9475167150400123,0.6781400058935572,0.8234925657791679,2.721987247467041,5.888411045074463,6.569843073068051,0.4670016500269531,0.6833751897947079,5.303109763145823,7.932358816569982
Supertone/supertonic-3,supertonic,10,10,694,0.6242362521827604,0.005483486872781233,0.0740505696992348,0.5078983651474118,0.9038991164416075,4.344870847005111,0.4914981306927913,0.7010692766715649,3.1117546558380127,5.995574951171875,6.894106005425758,0.3809710814848777,0.6172285488252125,5.683531387267047,8.101517408171375
Supertone/supertonic-3,supertonic,11,11,725,0.6671995009163004,0.006669434258382083,0.08166660430299574,0.5366224246099591,0.9292859705165029,4.841646436527713,0.6724000018665839,0.8200000011381609,3.4201619625091553,6.837942123413086,7.195455343118501,0.4262439001872424,0.65287357136527,5.84798109435534,8.593276812877003
Supertone/supertonic-3,supertonic,12,12,761,0.6930232158257035,0.00557070156148267,0.07463713259151017,0.5624804617837071,0.9502060161903501,5.23225798189205,0.637149689428734,0.7982165679993958,3.8057847023010254,7.241794586181641,7.50735332570622,0.3926741767256146,0.6266371970491494,6.16401442659045,8.863044367073867
Supertone/supertonic-3,supertonic,13,13,775,0.7308481594018499,0.005395243793585759,0.07345232326880995,0.5853575170040131,1.0022596642374992,5.696503755522937,0.6849454408475925,0.8276143068166429,4.285668849945068,7.754112720489502,7.7650578225306415,0.390826327595852,0.6251610413292338,6.494522392984602,9.059705598525206
Supertone/supertonic-3,supertonic,14,14,775,0.7565955149485506,0.006507058581861464,0.08066634107148696,0.6012600418180227,1.0319783808663487,6.02621763303256,0.8182666596130022,0.9045809303832367,4.406071186065674,8.186461448669434,7.943458754251539,0.41335094985868737,0.6429237512012504,6.642804480676013,9.23230332280999
Supertone/supertonic-3,supertonic,15,15,841,0.790200778293021,0.008259383070625837,0.09088114804856856,0.6622481811791658,1.1133977333083749,6.501807721161937,0.9064248552197905,0.9520634722642134,4.875613212585449,8.921375274658203,8.188395472881172,0.3352231029752649,0.578984544677373,6.924795803668972,9.353390181018797
Supertone/supertonic-3,supertonic,16,16,891,0.8138883372794339,0.008509331358207743,0.09224603708673747,0.6800962304696441,1.0975818103179336,6.82564648260338,1.011293790391772,1.0056310408851608,5.118758678436279,9.365865707397461,8.362595079360737,0.33678623156678744,0.5803328627320595,7.084402146543866,9.431318415332719
Supertone/supertonic-3,supertonic,17,17,931,0.8303503916568814,0.007749000439783652,0.08802840700469168,0.698966484516859,1.102438990958035,7.061617475826395,1.0055932343368565,1.0027927175328193,5.569759368896484,9.298836708068848,8.460528977335759,0.32725049245079346,0.5720581198189512,7.241228912445914,9.566368742329495
Supertone/supertonic-3,supertonic,18,18,837,0.8814157509785467,0.01069577669414894,0.10342038819376448,0.7266612341627479,1.1872851783409715,7.629580830831135,1.0613062614972841,1.0301971954423503,5.806617736816406,10.102063179016113,8.643838883751549,0.26862904370434976,0.5182943600931326,7.354022542072375,9.684838363476448
Supertone/supertonic-3,supertonic,19,19,856,0.914862644143838,0.010587716432239625,0.10289662983907502,0.746812897734344,1.2050018375739455,8.090016135921726,1.169637317661387,1.0814977196746127,6.149659156799316,10.517637252807617,8.817182256222946,0.23440802273336597,0.484157022807029,7.611921990236645,9.78274977934296
Supertone/supertonic-3,supertonic,20,20,852,0.9563121185893334,0.013208057811400241,0.11492631470381463,0.7630273122340441,1.2467489717528224,8.576015225900994,1.358298021761679,1.1654604333745864,6.3939971923828125,11.222500801086426,8.962542577829838,0.2188001416195553,0.4677607739214088,7.718271638441343,9.865053593888414
Supertone/supertonic-3,supertonic,21,21,831,0.9833927454446832,0.012747014965518578,0.11290267917777053,0.7927458342164755,1.2743512112647295,8.899160291296411,1.3212719366148271,1.1494659353868766,6.7461347579956055,11.691954612731934,9.04929575309708,0.15342588799570894,0.39169616796148127,8.094427984157688,9.906628022427387
Supertone/supertonic-3,supertonic,22,22,757,1.0255423815573583,0.017907142748670113,0.13381757264526253,0.8067037835717201,1.3372680693864822,9.354043172144504,1.778988638798027,1.3337873289239282,6.897419452667236,12.297033309936523,9.11572616935959,0.1537876884716804,0.3921577341729733,8.160140182133999,9.934938885508187
Supertone/supertonic-3,supertonic,23,23,745,1.0637279882549617,0.017134150842991944,0.13089748218736655,0.8497085906565189,1.372727045789361,9.742026425687104,1.6209671089982283,1.2731720657469,7.363447666168213,12.781390190124512,9.164789186231358,0.1568075945246157,0.3959893868838099,8.075343367833757,9.944640913961523
Supertone/supertonic-3,supertonic,24,24,618,1.1062926025675919,0.017477800121198338,0.132203631270848,0.8708767695352435,1.413598669692874,10.19021863817311,1.6743975849300747,1.2939851563793439,7.816056251525879,13.053133964538574,9.22278024962955,0.11936274785501745,0.345489142890218,8.353741152133741,9.964057487926802
Supertone/supertonic-3,supertonic,25,25,572,1.1490130129991396,0.015283421374596668,0.12362613548354841,0.9218173390254378,1.4394555669277906,10.687763260496265,1.4768993144741889,1.2152774639868005,8.401732444763184,13.203571319580078,9.297474748204834,0.1129990453393335,0.33615330630433116,8.579611731904595,9.99840934311422
Supertone/supertonic-3,supertonic,26,26,544,1.1980381435923735,0.02024680914674291,0.14229128275036004,0.9655102714896202,1.5530760558322072,11.087406715081663,1.5962668518473186,1.263434545929198,8.918622016906738,14.137208938598633,9.287542677219097,0.1870868374617603,0.4325353597820186,7.889894154973663,10.082112886905263
Supertone/supertonic-3,supertonic,27,27,515,1.2274277066031458,0.02280476840241537,0.15101247763815867,0.9524859664961696,1.5930265011265874,11.447856435507987,2.0068369562933506,1.4166287291641908,8.741745948791504,14.847064018249512,9.364196527355304,0.13865469820564347,0.3723636639169341,8.361522842744828,10.099853552772439
Supertone/supertonic-3,supertonic,28,28,420,1.271905003246117,0.021100002804092365,0.14525840011542315,1.0261306511238217,1.6042213924229145,11.935045537494478,2.0559554456753886,1.4338603299050394,9.40265941619873,14.963011741638184,9.418700390668699,0.1358659690303198,0.3686000122494841,8.195936757114557,10.17319386622486
Supertone/supertonic-3,supertonic,29,29,390,1.3120333917119673,0.018478888602503882,0.13593707589360557,1.0560765909031034,1.6601863307878375,12.353248825073242,1.8527115381418215,1.3611434671414404,9.754441261291504,15.549821853637695,9.43656929973125,0.13281499722582762,0.36443791957729593,8.331128658118228,10.151895555974436
Supertone/supertonic-3,supertonic,30,30,326,1.3611565165658843,0.027145896466066074,0.1647601179474756,1.0650974242016673,1.8469467954710126,12.880868619802047,2.595635195476407,1.6110975127149838,9.711152076721191,16.306154251098633,9.470617945579253,0.15768865837236046,0.39710031273263996,8.181793163747011,10.258013694072808
Supertone/supertonic-3,supertonic,31,31,284,1.3859041800642444,0.02276207637500411,0.15087105877206572,1.108968410640955,1.768747697584331,13.143107693642378,2.213447372845234,1.487765899879828,10.444480895996094,16.49680519104004,9.495445388502342,0.13378921517072426,0.36577208090657254,8.516338631862242,10.273337652084146
Supertone/supertonic-3,supertonic,32,32,242,1.4317414178427548,0.025223231215373267,0.1588182332585691,1.162275666370988,1.7961905393749475,13.66862514478351,2.6475615792134635,1.6271329322503012,11.055328369140625,17.129682540893555,9.564812613371064,0.13540894267861822,0.3679795411142014,8.629104070053314,10.260730575617796
Supertone/supertonic-3,supertonic,33,33,234,1.4646575454267718,0.02289087573853652,0.15129730909218617,1.190561425872147,1.8418610747903585,14.011940597352528,2.236398304149438,1.4954592285145851,11.327629089355469,17.157005310058594,9.572376001302384,0.1815324549665749,0.4260662565453581,8.194660267743508,10.34169915720132
Supertone/supertonic-3,supertonic,34,34,189,1.5168838334264376,0.028479784751387332,0.16875954714145014,1.2665440691635013,1.9114439589902759,14.586992676495111,2.892374924468412,1.7006983637519064,11.531411170959473,18.761089324951172,9.636134475225619,0.17155725070380135,0.414194701443417,8.316828956771223,10.443351092107225
Supertone/supertonic-3,supertonic,35,35,148,1.5842181281117138,0.048639647034739754,0.22054397981976237,1.2561116917058825,2.1553225964307785,15.158465093641139,3.2686191520606402,1.8079322863593759,11.997952461242676,19.761157989501953,9.643220952335815,0.22324692605973173,0.47249013329352363,8.10229722179438,10.39924489954009
Supertone/supertonic-3,supertonic,36,36,136,1.5895952406782108,0.03648659030701604,0.19101463375096694,1.302384871058166,2.055593687109649,15.317887681429504,3.598652420401815,1.8970114444572588,12.350809097290039,19.716157913208008,9.647452872783926,0.20202534959021257,0.4494723012491566,8.352940661329582,10.43059826678815
Supertone/supertonic-3,supertonic,37,37,129,1.6262649384717274,0.03929148078533268,0.19822078797475476,1.297007973305881,2.2273307675495744,15.616430372254461,3.2746650848115304,1.8096035711756127,12.45519733428955,20.468135833740234,9.635905792773773,0.24160242128417775,0.49153069210800837,8.23485946559906,10.436780352047121
Supertone/supertonic-3,supertonic,38,38,126,1.6531176365699554,0.027321978829377584,0.16529361400059467,1.370661936700344,2.0472200214862823,16.12584000303034,2.0961818384930964,1.4478196843851434,13.333824157714844,20.03074073791504,9.807513319079817,0.10851317431517933,0.32941337907738255,8.582637618410262,10.428839018849368
Supertone/supertonic-3,supertonic,39,39,86,1.6597569492908242,0.039453118930416864,0.19862809199712125,1.3447205545380712,2.1155111929401755,16.234791327745487,3.4185715118864803,1.8489379415995768,13.022798538208008,19.772321701049805,9.817502017213855,0.1029664121676332,0.3208837985433874,9.021449805593699,10.461307977855723
Supertone/supertonic-3,supertonic,40,40,67,1.8265548922487946,0.08114062933110087,0.28485194282486626,1.3838983224704862,2.5689657358452678,17.504229076573107,5.896601173206978,2.42829182208543,13.87895393371582,23.761734008789062,9.652269037267054,0.17784961725119944,0.4217222038868708,8.530144639786235,10.489042430917213
Supertone/supertonic-3,supertonic,41,41,60,1.8029002398252487,0.06145764262037906,0.24790651992309332,1.4379830118268728,2.4554263576865196,17.381160965672247,4.115742805164058,2.028729357298321,14.000473022460938,21.55082893371582,9.726113981442177,0.3251272687913197,0.5701993237380414,8.382182814554719,10.519670901616374
Supertone/supertonic-3,supertonic,42,42,60,1.8757739903888218,0.05081355154011327,0.225418614005395,1.4734390508383512,2.354429201222956,18.35177063058924,4.370407670325051,2.090552001344394,15.281047821044922,23.020843505859375,9.863673536828795,0.19797023993940413,0.4449384675878274,8.5144476394201,10.521128803293763
Supertone/supertonic-3,supertonic,43,43,47,1.9069801597357836,0.04987596316407039,0.22332927072838077,1.5210686400532722,2.3634849078953266,18.627838933190635,4.881545642219436,2.20942201541929,14.874966621398926,22.837736129760742,9.72513109682886,0.1201297848226044,0.3465974391460566,8.81081688759535,10.632343488692245
Supertone/supertonic-3,supertonic,44,44,43,1.8823404152376146,0.03883112715975776,0.19705615230121024,1.5220128018409014,2.2027747184038162,18.18756795540834,4.370606427558657,2.090599537826089,14.67142105102539,22.20639991760254,9.71491814347239,0.31229096553402563,0.5588299969883735,7.974118872651577,10.483800022155851
Supertone/supertonic-3,supertonic,45,45,26,1.925942010207412,0.04284108156384871,0.2069808724589031,1.607742926105857,2.4104371601715684,18.941046953201294,3.9309770567351165,1.982669174808323,16.052268981933594,24.374168395996094,9.827112787589718,0.22795400381716133,0.47744528882078346,8.688656495790815,10.413179287732252
Supertone/supertonic-3,supertonic,46,46,35,2.185961808258247,0.11186834141968233,0.33446725014518586,1.6370707750320435,2.8155090007930994,20.394987844651745,5.744375556775607,2.3967426972404873,16.22018051147461,24.79063606262207,9.391569962037774,0.4705733731558178,0.6859835079328204,7.632728500363687,10.543388577726555
Supertone/supertonic-3,supertonic,47,47,28,2.0523568897221525,0.05370788533572647,0.23174961776824243,1.6667427700012922,2.6656484538689256,19.721913044269268,4.6996156869981,2.1678597018714334,15.802553176879883,24.181262969970703,9.590290340595926,0.166482878027588,0.4080231341818598,8.73171045094202,10.290220250407849
Supertone/supertonic-3,supertonic,48,48,20,2.3819748275499375,0.1936662220885402,0.44007524593930547,1.9211811181157827,3.512271952815354,22.004856321546768,15.558644166468039,3.9444447221970345,18.276174545288086,35.095157623291016,9.370434061928837,0.7370347528482608,0.8585072817677558,7.8892717846050635,10.561850767087545
Supertone/supertonic-3,supertonic,49,49,15,2.0943320530395093,0.1263834209508751,0.35550445981854445,1.6405849233269691,2.9701695442199707,20.002580349261944,6.363401352726128,2.5225783144882,16.064699172973633,26.19085121154785,9.71011053884396,0.14090662227948078,0.3753753085639501,8.817965042607062,10.089109143944379
Supertone/supertonic-3,supertonic,50,50,14,2.1754365752761564,0.0318165957824662,0.17837207119520196,1.9445038987323642,2.524445199407637,21.649853547414143,2.8214778960988394,1.6797255418963062,19.410842895507812,24.94879150390625,9.913885607271729,0.11058705023119225,0.33254631291173903,9.206909293074222,10.351570779514278
Supertone/supertonic-3,supertonic,51,51,15,2.284886745019601,0.0820713703524675,0.2864810122023229,1.9081790251657367,2.827250361442566,21.96564014141376,4.5018842802263315,2.121764426185511,18.8139705657959,25.157737731933594,9.764151264251648,0.4447498393519084,0.6668956735141625,8.457218068138307,10.681031640892742
Supertone/supertonic-3,supertonic,52,52,14,2.2324707586473473,0.07753230995371503,0.2784462424844606,1.772829419001937,2.681216960772872,22.16205819447835,5.1869297873732245,2.2774832134119505,18.46011734008789,25.360130310058594,9.970151664921321,0.22114704479373895,0.47026274017163955,9.10586820481613,10.648553214700373
Supertone/supertonic-3,supertonic,53,53,21,2.3273199865790573,0.09903070430802748,0.3146914430168502,1.8247270276769996,2.860666487365961,22.10899483530145,4.807509042300828,2.192603256930179,17.862173080444336,26.374374389648438,9.638810488184482,0.3354068926293831,0.5791432401654906,8.411998468650618,10.480096744654436
Supertone/supertonic-3,supertonic,54,54,16,2.343679447924452,0.08753528291842295,0.2958636221613312,2.022504175081849,2.9810564927756786,22.966030393327987,4.6284762338529655,2.1513893729060216,20.013315200805664,26.94392967224121,9.826640541331646,0.23819709106502163,0.48805439355160163,8.748925240455591,10.44524642492363
Supertone/supertonic-3,supertonic,55,55,6,2.513343900286903,0.24444704516585603,0.4944158625750756,1.7666499372571707,3.307173317298293,22.799386660257976,12.839180178142872,3.5831801766228377,18.70185661315918,29.537946701049805,9.190640352833146,0.7850604961714439,0.8860363966403659,7.6411058380183885,10.586056817908661
Supertone/supertonic-3,supertonic,56,56,14,2.5722228308829167,0.0693423525025713,0.26332936126184503,2.1810483234003186,3.0049281520769,24.611255168914795,3.355477560827618,1.831796266189998,21.97325325012207,27.419404983520508,9.629097102313677,0.35009118994162575,0.5916850428577908,8.512674183751997,10.40064697398034
Supertone/supertonic-3,supertonic,57,57,11,2.9316059569310813,0.167570477436325,0.40935373143080667,2.4566717576235533,3.5081896586343646,28.851467344495987,9.962420658372094,3.1563302517911676,24.959518432617188,34.51557922363281,9.699831428802604,0.5020368820000983,0.7085456103879963,8.48056399601854,10.723874663678195
Supertone/supertonic-3,supertonic,58,58,10,2.7056278170086445,0.437551974224724,0.6614771154202721,1.957335451617837,4.452782738953829,25.80763645172119,16.01659984566173,4.002074442793603,19.080524444580078,34.96510696411133,9.703981597385225,0.629624259839428,0.7934886639640343,7.852417019637994,10.689945101332071
Supertone/supertonic-3,supertonic,59,59,5,2.668094659969211,0.1543209671182088,0.39283707452098865,2.3045547856017947,3.204571492038667,24.218022918701173,3.2010100212026735,1.7891366692353812,21.776416778564453,26.871950149536133,9.183915527974689,0.6351093849200636,0.7969375037730774,7.887615640796962,10.020578164879227
Supertone/supertonic-3,supertonic,60,60,4,3.029349339194596,0.3519267166100584,0.5932341161885908,2.463679490610957,3.9473216645419598,29.846040725708008,26.321924241785382,5.130489668811875,25.277429580688477,38.389801025390625,9.908933750305438,0.20904854600738954,0.4572182695468211,9.248359345871469,10.40181253402095
Supertone/supertonic-3,supertonic,61,61,11,2.5536403167578907,0.03666068544754171,0.19146980296522403,2.3939167205244303,3.0306247305125,25.088927798801,2.3448193306424927,1.5312802913387518,22.27577018737793,28.076263427734375,9.763298577347182,0.14402164487908573,0.37950183778090685,9.127001410566333,10.161774828057684
Supertone/supertonic-3,supertonic,62,62,5,2.9534805711358785,0.05475442806372234,0.23399664113769314,2.5047760820016265,3.1474730959162116,28.04113349914551,3.524448861212877,1.8773515550404716,25.05283546447754,30.380756378173828,9.51071518238501,0.11664122895189691,0.3415277865004499,9.107698160992818,10.002025987271972
Supertone/supertonic-3,supertonic,63,63,5,2.938403476215899,0.4253954037339379,0.6522234308378824,2.2898121513426304,4.122555060312152,27.645826721191405,12.275350370781089,3.50361960988648,23.106201171875,33.744163513183594,9.585893066510708,0.7122665376994434,0.8439588483447776,8.18525477998796,10.542991103565457
Supertone/supertonic-3,supertonic,64,64,5,3.032016513682902,0.24471047478183555,0.4946821957396845,2.21414228528738,3.6463211439549923,28.28153762817383,9.547427001460747,3.0898910986409773,23.919748306274414,33.3338737487793,9.486635215628938,1.3760134057565911,1.1730359780316166,7.321282030354582,10.803166745523672
Supertone/supertonic-3,supertonic,65,65,2,3.1637728111818433,0.13496981395106977,0.36738238111138344,2.79639043007046,3.5311551922932267,30.761829376220703,12.523073386924807,3.5387954711914062,27.223033905029297,34.30062484741211,9.72438698489901,0.00011395359654571914,0.010674904990009004,9.713712079909001,9.73506188988902
Supertone/supertonic-3,supertonic,66,66,4,3.4425566252321005,0.14738618485885638,0.3839090841056726,2.9571564504876733,4.026496386155486,29.420523166656494,14.98209071019187,3.8706705762944837,24.47706413269043,35.153343200683594,8.575806316398612,0.810604913090403,0.9003360001079613,7.080660284307017,9.451731481319618
Supertone/supertonic-3,supertonic,67,67,6,2.9931182314952216,0.13511544782854906,0.3675805324395581,2.586956807412207,3.613419495522976,28.42145029703776,7.525228870190606,2.7432150608712043,25.997831344604492,34.31448745727539,9.53895019747987,0.27693015469735555,0.5262415364614955,8.421575651089906,10.0495807545433
Supertone/supertonic-3,supertonic,68,68,2,3.454761616420001,0.21124017734995434,0.45960872201249003,2.9951528944075108,3.914370338432491,26.193470001220703,0.002121926812833408,0.04606437683105469,26.14740562438965,26.239534378051758,7.720257903882849,1.08244918099169,1.040408179990762,6.679849723892087,8.76066608387361
Supertone/supertonic-3,supertonic,69,69,2,2.452057395596057,0.0027554812120924033,0.052492677699774504,2.3995647178962827,2.5045500732958317,23.916086196899414,0.26995830430314527,0.5195751190185547,23.39651107788086,24.43566131591797,9.762487461188805,0.17714420036257714,0.4208850203589778,9.341602440829826,10.183372481547782
Supertone/supertonic-3,supertonic,70,70,6,2.9153227641557655,0.23781215836496947,0.487659879798379,2.467391121201217,3.948572120629251,27.97291914621989,4.7884168941071845,2.1882451631632103,25.268192291259766,31.035171508789062,9.728246283066762,0.7576627475509241,0.870438250280239,7.859846689046481,10.404944607248403
Supertone/supertonic-3,supertonic,71,71,3,3.168505199253559,0.0532702926294802,0.2308035801920763,2.872373809106648,3.435461973771453,30.518644332885742,5.4326875112043735,2.3308126289353193,27.66993522644043,33.37919998168945,9.629829837289753,0.005155291093630409,0.0718003558043441,9.540291572828282,9.716073190891919
Supertone/supertonic-3,supertonic,72,72,3,3.101281188428402,0.056746724702214035,0.23821571044373635,2.790094112046063,3.368642520159483,29.235824584960938,4.605988660907315,2.146156718626884,27.215024948120117,32.20741271972656,9.43615120997755,0.10425994160605725,0.32289308076522366,8.99334639135455,9.754160202202819
Supertone/supertonic-3,supertonic,73,73,1,2.9402282601222396,0.0,0.0,2.9402282601222396,2.9402282601222396,27.354000091552734,0.0,0.0,27.354000091552734,27.354000091552734,9.303359355649311,0.0,0.0,9.303359355649311,9.303359355649311
Supertone/supertonic-3,supertonic,74,74,4,3.145327211357653,0.6613171156558232,0.8132140650873072,2.4970413679257035,4.521997674368322,31.151527881622314,57.95978764793904,7.613132577851186,25.705673217773438,44.246089935302734,9.946407456316404,0.16055840012903458,0.4006973922164138,9.518779295722176,10.601316452143484
Supertone/supertonic-3,supertonic,75,75,3,2.842706865631044,0.009128458639887755,0.09554296750618411,2.7642586044967175,2.977204763330519,27.014637629191082,0.9717160954250075,0.9857566106423064,25.930452346801758,28.315664291381836,9.50347598776765,0.025269264645810086,0.15896309208684287,9.305217762822522,9.694388291239004
Supertone/supertonic-3,supertonic,76,76,2,3.663016748148948,1.0329159911372234,1.016324746888131,2.646692001260817,4.679341495037079,33.52573108673096,56.28415149098964,7.502276420593262,26.023454666137695,41.02800750732422,9.300173698246393,0.2833131938993588,0.5322717293820505,8.767901968864342,9.832445427628443
Supertone/supertonic-3,supertonic,77,77,3,3.719070772950848,0.40493096624274105,0.6363418627143284,2.821961585432291,4.229210905730724,33.60040092468262,24.215718306855706,4.920946891285833,28.36182975769043,40.187255859375,9.135833414529834,0.8705917156790309,0.9330550442921527,7.8547989085460745,10.050395407259144
Supertone/supertonic-3,supertonic,78,78,4,2.7887354257982224,0.017702658151885754,0.13305133652799492,2.591952620074153,2.9220100743696094,27.470616340637207,0.746571868546198,0.8640439042931777,26.248947143554688,28.340450286865234,9.85845677161923,0.02811234167343513,0.16766735422685936,9.698957075970851,10.127093736305925
Supertone/supertonic-3,supertonic,79,79,6,3.5560325854457915,0.1696518618662554,0.4118881666985049,2.7166154934093356,4.0136588383466005,34.16905148824056,11.203094042053838,3.3471023351630342,27.39645004272461,37.09840393066406,9.651058530434016,0.3781537812572386,0.6149420958571942,8.369004334805407,10.258166667721607
Supertone/supertonic-3,supertonic,80,80,1,3.6208539102226496,0.0,0.0,3.6208539102226496,3.6208539102226496,32.53800582885742,0.0,0.0,32.53800582885742,32.53800582885742,8.986279655468516,0.0,0.0,8.986279655468516,8.986279655468516
Supertone/supertonic-3,supertonic,81,81,3,3.5303479358553886,0.4129818226962223,0.6426366179235528,2.714772840961814,4.285411573015153,34.305751164754234,29.408276580294316,5.422939846641701,27.658662796020508,40.94208526611328,9.76622023223618,0.08903696586805278,0.2983906263072833,9.553828043943753,10.188205207703989
Supertone/supertonic-3,supertonic,83,83,2,3.9650846677832305,0.06496865096777871,0.25488948775455356,3.710195180028677,4.219974155537784,37.86003112792969,6.340370259727933,2.5180091857910156,35.34202194213867,40.3780403137207,9.62896713945162,1.572589066007574,1.2540291328384576,8.374938006613162,10.882996272290077
Supertone/supertonic-3,supertonic,84,84,3,3.6369825582951307,0.23981349762638746,0.48970756337470167,2.9511818550527096,4.063419087789953,34.44972038269043,22.328006259114773,4.725251978372664,28.42681312561035,39.96825408935547,9.497455526214088,0.46601095844655194,0.6826499530847064,8.602138538487942,10.257879197625051
Supertone/supertonic-3,supertonic,85,85,2,4.382221930194646,0.022010737266639137,0.1483601606450975,4.233861769549549,4.530582090839744,37.32443428039551,9.196121494027466,3.032510757446289,34.29192352294922,40.3569450378418,8.503558311797764,0.163308908313967,0.40411496917828593,8.099443342619479,8.90767328097605
Supertone/supertonic-3,supertonic,86,86,4,3.6877542638685554,2.1276177814138757,1.458635588971377,2.687643440440297,6.205473920330405,35.66574573516846,180.91182603479228,13.450346688275076,27.597049713134766,58.95806884765625,9.736321308659498,0.14343161174499985,0.37872366145383607,9.348448746564435,10.34262879262089
Supertone/supertonic-3,supertonic,87,87,4,3.6285909560974687,0.3210620403716016,0.5666233673010685,2.9321798998862505,4.395805625244975,35.340901374816895,40.073929713488724,6.330397279277875,28.134422302246094,45.05221176147461,9.713598145433338,0.1175088821411294,0.3427956857096212,9.302018201222193,10.248908983313811
Supertone/supertonic-3,supertonic,88,88,1,3.384099773131311,0.0,0.0,3.384099773131311,3.384099773131311,29.796340942382812,0.0,0.0,29.796340942382812,29.796340942382812,8.80480569129681,0.0,0.0,8.80480569129681,8.80480569129681
Supertone/supertonic-3,supertonic,89,89,3,5.006396944324176,2.2256508467047516,1.4918615373769617,3.5933710793033242,7.069742474704981,48.60480244954427,134.5614908920478,11.600064262410264,35.89009475708008,63.93959426879883,9.862810941470933,0.389010324461229,0.6237069219282635,9.044119286886332,10.5564514534251
Supertone/supertonic-3,supertonic,90,90,1,6.8351077772676945,0.0,0.0,6.8351077772676945,6.8351077772676945,56.660491943359375,0.0,0.0,56.660491943359375,56.660491943359375,8.28962670227406,0.0,0.0,8.28962670227406,8.28962670227406
Supertone/supertonic-3,supertonic,91,91,3,3.777147471283873,0.8701724826047621,0.9328303611079359,2.710125882178545,4.982489658519626,37.80416297912598,112.42727827224735,10.603173028497052,26.916269302368164,52.177345275878906,9.94506211648892,0.18064720443802904,0.4250261220654903,9.431301778144157,10.472143215924225
Supertone/supertonic-3,supertonic,92,92,2,5.552232308778912,1.4140023493494025,1.1891183075495064,4.363114001229405,6.741350616328418,49.922964096069336,32.668356058598874,5.71562385559082,44.207340240478516,55.638587951660156,9.192695600209097,0.8824086590540117,0.9393660942646438,8.253329505944453,10.132061694473741
Supertone/supertonic-3,supertonic,93,93,3,3.8306626115615168,0.5919514369046567,0.7693838033807683,2.786346858367324,4.617358975112438,37.35545031229655,44.122288873051325,6.642461055441072,28.097204208374023,43.36192321777344,9.802513598893166,0.08845968238976788,0.2974217248113659,9.391066072942168,10.083886047424025
Supertone/supertonic-3,supertonic,94,94,2,5.23927979869768,0.018586523709699345,0.13633240154013038,5.10294739715755,5.375612200237811,45.907968521118164,5.777718072295102,2.403688430786133,43.50428009033203,48.3116569519043,8.756257830229721,0.0533304181408733,0.2309337960127822,8.52532403421694,8.987191626242504
Supertone/supertonic-3,supertonic,96,96,3,3.906482692807913,0.6262236910879299,0.7913429667899563,3.337380704469979,5.0255561443045735,37.20897547403971,87.33532239560817,9.345336933230827,30.6008243560791,50.42527770996094,9.439913054357946,0.17678859612884695,0.42046235994301195,9.116854454640816,10.033770643893321
Supertone/supertonic-3,supertonic,100,100,2,4.599054339807481,0.7444973818680862,0.8628426170907915,3.736211722716689,5.461896956898272,37.13218116760254,8.44109031113112,2.905355453491211,34.22682571411133,40.03753662109375,8.245586083499548,0.8376838113707645,0.9152506822563775,7.330335401243171,9.160836765755926
Supertone/supertonic-3,supertonic,101,101,1,2.914420916698873,0.0,0.0,2.914420916698873,2.914420916698873,28.184171676635742,0.0,0.0,28.184171676635742,28.184171676635742,9.670590653240161,0.0,0.0,9.670590653240161,9.670590653240161
Supertone/supertonic-3,supertonic,103,103,2,4.51488895341754,0.07378338933618217,0.27163098007440567,4.243257973343134,4.786519933491945,43.69180107116699,31.31955711491537,5.59638786315918,38.09541320800781,49.28818893432617,9.637579912534914,0.4352188021329269,0.6597111505294775,8.977868762005436,10.29729106306439
Supertone/supertonic-3,supertonic,104,104,2,4.524993027094752,1.8938272575336312,1.376163964625448,3.1488290624693036,5.9011569917202,40.745208740234375,151.7330495687347,12.317996978759766,28.42721176147461,53.06320571899414,9.00993395625558,0.000321614330327929,0.017933608959936898,8.992000347295642,9.027867565215516
Supertone/supertonic-3,supertonic,105,105,1,3.1686420598998666,0.0,0.0,3.1686420598998666,3.1686420598998666,28.47779083251953,0.0,0.0,28.47779083251953,28.47779083251953,8.987380175537867,0.0,0.0,8.987380175537867,8.987380175537867
Supertone/supertonic-3,supertonic,108,108,1,4.60875747166574,0.0,0.0,4.60875747166574,4.60875747166574,42.792911529541016,0.0,0.0,42.792911529541016,42.792911529541016,9.285129840879739,0.0,0.0,9.285129840879739,9.285129840879739
Supertone/supertonic-3,supertonic,109,109,3,6.027928817085922,0.035333280648012486,0.18797148892322071,5.805884724482894,6.265529837459326,56.1314951578776,12.483017653433812,3.5331314231760205,53.63319396972656,61.12809753417969,9.321607662143796,0.4339316594167498,0.6587348931222254,8.560041267232211,10.167051982065363
Supertone/supertonic-3,supertonic,110,110,3,4.907375735230744,0.6954007733072254,0.8339069332408895,3.7532011596485972,5.694253267720342,46.790828704833984,97.6360735775185,9.881096780090685,34.501258850097656,58.69573211669922,9.48138483016488,0.35186439486603793,0.5931815867557235,8.943776634178466,10.307889262571857
Supertone/supertonic-3,supertonic,111,111,1,3.5957532711327076,0.0,0.0,3.5957532711327076,3.5957532711327076,34.27260208129883,0.0,0.0,34.27260208129883,34.27260208129883,9.531410944250501,0.0,0.0,9.531410944250501,9.531410944250501
Supertone/supertonic-3,supertonic,112,112,2,3.820428056176752,0.33275074608867367,0.5768455131910741,3.2435825429856777,4.397273569367826,35.0148401260376,44.31464044017139,6.656924247741699,28.3579158782959,41.6717643737793,9.109751906519909,0.13467125544537056,0.36697582406116425,8.742776082458745,9.476727730581073
Supertone/supertonic-3,supertonic,115,115,2,4.033750918228179,0.025585880909580187,0.1599558717571199,3.8737950464710593,4.193706789985299,37.18850135803223,0.6228454019619676,0.7892055511474609,36.399295806884766,37.97770690917969,9.226084419418946,0.028969425564129087,0.17020407035123775,9.055880349067708,9.396288489770184
Supertone/supertonic-3,supertonic,117,117,2,4.045436333399266,0.5844428191152905,0.7644885997287929,3.280947733670473,4.809924933128059,37.8389310836792,88.67667047172381,9.416829109191895,28.422101974487305,47.255760192871094,9.243703819598712,0.3374818449661611,0.5809318763557059,8.662771943243007,9.824635695954418
Supertone/supertonic-3,supertonic,118,118,2,4.6219132747501135,2.63435188878249,1.6230686642229557,2.998844610527158,6.244981938973069,45.27136421203613,287.37656532731853,16.952184677124023,28.31917953491211,62.223548889160156,9.703565530922955,0.06770513200457853,0.2602020983861939,9.443363432536762,9.96376762930915
Supertone/supertonic-3,supertonic,119,119,3,5.636735207401216,2.563199379651513,1.6009994939572945,4.413212437182665,7.8983581298962235,47.35679372151693,107.19453006482541,10.353479128526093,39.700992584228516,61.9936408996582,8.543657923721645,0.28563607991245943,0.53444932398915,7.848927572048792,9.148833928882743
Supertone/supertonic-3,supertonic,120,120,1,7.583153363317251,0.0,0.0,7.583153363317251,7.583153363317251,72.88609313964844,0.0,0.0,72.88609313964844,72.88609313964844,9.61158104651129,0.0,0.0,9.61158104651129,9.61158104651129
Supertone/supertonic-3,supertonic,121,121,3,6.077903722102444,4.109593924353393,2.0272133396249625,4.168374918401241,8.884603786282241,50.69389724731445,67.17061310902743,8.195767999951403,39.4366455078125,58.712425231933594,8.826493515465126,2.6103165735363363,1.615647416219373,6.608333544663536,10.410230870191015
Supertone/supertonic-3,supertonic,122,122,1,11.713978817686439,0.0,0.0,11.713978817686439,11.713978817686439,75.39073181152344,0.0,0.0,75.39073181152344,75.39073181152344,6.435962791540495,0.0,0.0,6.435962791540495,6.435962791540495
Supertone/supertonic-3,supertonic,123,123,1,4.983341515995562,0.0,0.0,4.983341515995562,4.983341515995562,47.680686950683594,0.0,0.0,47.680686950683594,47.680686950683594,9.568015115487833,0.0,0.0,9.568015115487833,9.568015115487833
Supertone/supertonic-3,supertonic,127,127,1,8.322229980491102,0.0,0.0,8.322229980491102,8.322229980491102,64.25178527832031,0.0,0.0,64.25178527832031,64.25178527832031,7.720501047067767,0.0,0.0,7.720501047067767,7.720501047067767
Supertone/supertonic-3,supertonic,128,128,1,7.1600620187819,0.0,0.0,7.1600620187819,7.1600620187819,70.93419647216797,0.0,0.0,70.93419647216797,70.93419647216797,9.906924868261909,0.0,0.0,9.906924868261909,9.906924868261909
Supertone/supertonic-3,supertonic,130,130,1,3.6675463197752833,0.0,0.0,3.6675463197752833,3.6675463197752833,30.01877212524414,0.0,0.0,30.01877212524414,30.01877212524414,8.184974232877158,0.0,0.0,8.184974232877158,8.184974232877158
Supertone/supertonic-3,supertonic,132,132,1,5.804155309684575,0.0,0.0,5.804155309684575,5.804155309684575,55.6160774230957,0.0,0.0,55.6160774230957,55.6160774230957,9.582113926258486,0.0,0.0,9.582113926258486,9.582113926258486
Supertone/supertonic-3,supertonic,134,134,1,4.879661399871111,0.0,0.0,4.879661399871111,4.879661399871111,44.52520751953125,0.0,0.0,44.52520751953125,44.52520751953125,9.124651050728094,0.0,0.0,9.124651050728094,9.124651050728094
Supertone/supertonic-3,supertonic,136,136,1,7.003693617880344,0.0,0.0,7.003693617880344,7.003693617880344,64.38282775878906,0.0,0.0,64.38282775878906,64.38282775878906,9.192696207386984,0.0,0.0,9.192696207386984,9.192696207386984
Supertone/supertonic-3,supertonic,137,137,1,3.9294366370886564,0.0,0.0,3.9294366370886564,3.9294366370886564,33.89366149902344,0.0,0.0,33.89366149902344,33.89366149902344,8.625577819250816,0.0,0.0,8.625577819250816,8.625577819250816
Supertone/supertonic-3,supertonic,144,144,1,7.190449353307486,0.0,0.0,7.190449353307486,7.190449353307486,73.70015716552734,0.0,0.0,73.70015716552734,73.70015716552734,10.249728986913247,0.0,0.0,10.249728986913247,10.249728986913247
Supertone/supertonic-3,supertonic,156,156,1,3.4758140444755554,0.0,0.0,3.4758140444755554,3.4758140444755554,28.497570037841797,0.0,0.0,28.497570037841797,28.497570037841797,8.198818945200971,0.0,0.0,8.198818945200971,8.198818945200971
Supertone/supertonic-3,supertonic,158,158,1,3.451276452280581,0.0,0.0,3.451276452280581,3.451276452280581,28.447389602661133,0.0,0.0,28.447389602661133,28.447389602661133,8.242570537594368,0.0,0.0,8.242570537594368,8.242570537594368
Supertone/supertonic-3,supertonic,162,162,1,6.345545739866793,0.0,0.0,6.345545739866793,6.345545739866793,66.2100601196289,0.0,0.0,66.2100601196289,66.2100601196289,10.434100207276861,0.0,0.0,10.434100207276861,10.434100207276861
Supertone/supertonic-3,supertonic,166,166,1,3.5145941572263837,0.0,0.0,3.5145941572263837,3.5145941572263837,28.452287673950195,0.0,0.0,28.452287673950195,28.452287673950195,8.09546889374104,0.0,0.0,8.09546889374104,8.09546889374104
Supertone/supertonic-3,supertonic,171,171,1,3.25792349409312,0.0,0.0,3.25792349409312,3.25792349409312,28.452062606811523,0.0,0.0,28.452062606811523,28.452062606811523,8.733189302449068,0.0,0.0,8.733189302449068,8.733189302449068
Supertone/supertonic-3,supertonic,175,175,1,5.334275650791824,0.0,0.0,5.334275650791824,5.334275650791824,50.47671890258789,0.0,0.0,50.47671890258789,50.47671890258789,9.462712879319442,0.0,0.0,9.462712879319442,9.462712879319442
Supertone/supertonic-3,supertonic,176,176,1,6.732647851109505,0.0,0.0,6.732647851109505,6.732647851109505,61.67803955078125,0.0,0.0,61.67803955078125,61.67803955078125,9.16103751670556,0.0,0.0,9.16103751670556,9.16103751670556
Supertone/supertonic-3,supertonic,182,182,1,7.849969948641956,0.0,0.0,7.849969948641956,7.849969948641956,75.07601165771484,0.0,0.0,75.07601165771484,75.07601165771484,9.563859753463513,0.0,0.0,9.563859753463513,9.563859753463513
Supertone/supertonic-3,supertonic,188,188,1,8.031423836015165,0.0,0.0,8.031423836015165,8.031423836015165,72.23157501220703,0.0,0.0,72.23157501220703,72.23157501220703,8.993620121042587,0.0,0.0,8.993620121042587,8.993620121042587
Supertone/supertonic-3,supertonic,194,194,1,6.874969649128616,0.0,0.0,6.874969649128616,6.874969649128616,64.83692932128906,0.0,0.0,64.83692932128906,64.83692932128906,9.430867717286137,0.0,0.0,9.430867717286137,9.430867717286137
Supertone/supertonic-3,supertonic,195,195,1,9.854715537279844,0.0,0.0,9.854715537279844,9.854715537279844,90.4209976196289,0.0,0.0,90.4209976196289,90.4209976196289,9.175404127858513,0.0,0.0,9.175404127858513,9.175404127858513
Supertone/supertonic-3,supertonic,201,201,1,8.823391154408455,0.0,0.0,8.823391154408455,8.823391154408455,85.06104278564453,0.0,0.0,85.06104278564453,85.06104278564453,9.640402572784643,0.0,0.0,9.640402572784643,9.640402572784643
Supertone/supertonic-3,supertonic,205,205,1,12.024646427482367,0.0,0.0,12.024646427482367,12.024646427482367,107.64491271972656,0.0,0.0,107.64491271972656,107.64491271972656,8.952023110941855,0.0,0.0,8.952023110941855,8.952023110941855
Supertone/supertonic-3,supertonic,208,208,1,10.275028987787664,0.0,0.0,10.275028987787664,10.275028987787664,98.61154174804688,0.0,0.0,98.61154174804688,98.61154174804688,9.597203264852212,0.0,0.0,9.597203264852212,9.597203264852212
Supertone/supertonic-3,supertonic,209,209,1,10.56016403529793,0.0,0.0,10.56016403529793,10.56016403529793,106.12831115722656,0.0,0.0,106.12831115722656,106.12831115722656,10.049873354475066,0.0,0.0,10.049873354475066,10.049873354475066
Supertone/supertonic-3,supertonic,212,212,1,6.881787406280637,0.0,0.0,6.881787406280637,6.881787406280637,67.98445892333984,0.0,0.0,67.98445892333984,67.98445892333984,9.878895541192406,0.0,0.0,9.878895541192406,9.878895541192406
Supertone/supertonic-3,supertonic,229,229,1,8.036931309849024,0.0,0.0,8.036931309849024,8.036931309849024,76.3887939453125,0.0,0.0,76.3887939453125,76.3887939453125,9.504721516245917,0.0,0.0,9.504721516245917,9.504721516245917
Supertone/supertonic-3,supertonic,264,264,1,3.1514267027378082,0.0,0.0,3.1514267027378082,3.1514267027378082,28.12906265258789,0.0,0.0,28.12906265258789,28.12906265258789,8.925818464427781,0.0,0.0,8.925818464427781,8.925818464427781
Supertone/supertonic-3,supertonic,279,279,1,13.08872738480568,0.0,0.0,13.08872738480568,13.08872738480568,115.97108459472656,0.0,0.0,115.97108459472656,115.97108459472656,8.860378949396868,0.0,0.0,8.860378949396868,8.860378949396868
Supertone/supertonic-3,supertonic,363,363,1,16.636755913496017,0.0,0.0,16.636755913496017,16.636755913496017,152.359130859375,0.0,0.0,152.359130859375,152.359130859375,9.157983182032424,0.0,0.0,9.157983182032424,9.157983182032424
Supertone/supertonic-3,supertonic,481,481,1,27.42786918580532,0.0,0.0,27.42786918580532,27.42786918580532,273.0013732910156,0.0,0.0,273.0013732910156,273.0013732910156,9.953429901594447,0.0,0.0,9.953429901594447,9.953429901594447
Supertone/supertonic-3,supertonic,564,564,1,30.798805145546794,0.0,0.0,30.798805145546794,30.798805145546794,308.94366455078125,0.0,0.0,308.94366455078125,308.94366455078125,10.031027602882558,0.0,0.0,10.031027602882558,10.031027602882558
Supertone/supertonic-3,supertonic,908,908,1,36.8321030549705,0.0,0.0,36.8321030549705,36.8321030549705,366.1563720703125,0.0,0.0,366.1563720703125,366.1563720703125,9.941229028487408,0.0,0.0,9.941229028487408,9.941229028487408
hexgrad/Kokoro-82M,kokoro,1,1,5205,0.020791784624629748,4.575505537922247e-06,0.002139043136059263,0.02000556420534849,0.03558091539889574,1.3557737459978656,0.01180391038863559,0.10864580244370046,1.25,1.7,65.72972499777798,20.67472860694451,4.546947174417634,44.698634735344044,78.86106797027962
hexgrad/Kokoro-82M,kokoro,2,2,1350,0.030790032810474786,0.00010289707358206544,0.010143819477004972,0.02060497086495161,0.05638897605240345,2.1154036243822074,0.33761487003628726,0.5810463579063957,1.45,3.175,71.23498325416176,107.14378358283547,10.351028141341104,43.22946835175896,89.01367797019232
hexgrad/Kokoro-82M,kokoro,3,3,1296,0.0324542435887709,0.0001371142908220017,0.011709581154849293,0.021050814539194107,0.05923790577799082,2.5735205831903945,1.3278167435729018,1.1523093089847456,1.55,7.325,80.93079708764026,258.1561460015769,16.067238281720254,50.30895237386034,140.74650529245184
hexgrad/Kokoro-82M,kokoro,4,4,1467,0.029478982898895258,8.327531428044118e-05,0.009125530904031896,0.021283329464495182,0.057714289985597134,2.2881718395155186,0.462586722174436,0.6801372818589171,1.55,4.325,79.21950964439338,247.99990567153242,15.748012753091496,48.76195718018867,122.87100559261944
hexgrad/Kokoro-82M,kokoro,5,5,1396,0.03351393273132883,0.00011772450662129559,0.010850092470633399,0.022152554243803024,0.060620108619332314,2.788734076433121,0.7522028958451661,0.8672963137504771,1.775,5.45,85.97024636043923,383.55444039622836,19.584545958388425,51.88892211523425,129.7579011896963
hexgrad/Kokoro-82M,kokoro,6,6,1327,0.03156994830848158,8.781319491314718e-05,0.00937086948543982,0.022428524680435658,0.058995286002755165,2.799518828451883,0.5109448521559496,0.7148040655703839,1.85,4.875,91.25642340420846,405.5330855945736,20.137852060102478,56.27079590858266,139.5565655427853
hexgrad/Kokoro-82M,kokoro,7,7,1137,0.032576622801922986,8.313240222658655e-05,0.009117697199764125,0.02282390370965004,0.05885650124400854,3.1442082111436953,0.48168138675564653,0.6940326986213593,2.175,5.1,100.54057157002235,562.1147269534324,23.70895879100203,60.929240241464846,152.7778821758041
hexgrad/Kokoro-82M,kokoro,8,8,1477,0.03345932985709923,7.209982350814167e-05,0.00849116149346729,0.023651203140616417,0.059449282474815845,3.5008276899924757,0.44602734352220336,0.6678527858160085,2.5,5.35,108.68347053985703,696.181896894957,26.38525908333964,66.1860445871865,165.47111382436097
hexgrad/Kokoro-82M,kokoro,9,9,1428,0.03456243813982231,6.975926126109266e-05,0.008352200983039898,0.023875500075519085,0.05936091486364603,3.836547433903577,0.5656189895851725,0.7520764519549675,2.7,5.65,114.80855179058493,717.3281401288167,26.78298228593703,70.7484589941617,174.35897688843525
hexgrad/Kokoro-82M,kokoro,10,10,1400,0.035747558230327235,7.43863774384202e-05,0.008624753761031105,0.024710475467145443,0.06101087760180235,4.192003968253968,0.5161538214128244,0.7184384604215064,3.025,6.025,121.53095020452837,861.6152678751481,29.353283766474036,77.63308619658048,180.27939783531568
hexgrad/Kokoro-82M,kokoro,11,11,1470,0.036126853695277364,7.52348781839509e-05,0.008673804135669129,0.02538102399557829,0.062040301971137524,4.666414523449319,0.6508368417860437,0.806744595139034,3.3,6.85,133.4670652591244,906.7128861179791,30.11167358547145,81.71737741348737,192.46838547139058
hexgrad/Kokoro-82M,kokoro,12,12,1574,0.036768669898537554,7.722385328044991e-05,0.008787710354833613,0.026012036949396133,0.0623691426590085,5.019456214689265,0.6609332494952759,0.8129780129224135,3.6,7.175,141.32756859226285,1003.8728451440866,31.683952486141727,88.8856532489161,201.09597711957238
hexgrad/Kokoro-82M,kokoro,13,13,1622,0.037638496948814354,7.104278177043802e-05,0.008428688021895106,0.026625688187777996,0.06258156057447195,5.444212328767123,0.7795572562863576,0.8829253967840984,3.95,7.475,149.27899116961564,1092.6204747493218,33.05481016053975,94.7834320388804,210.44408403695783
hexgrad/Kokoro-82M,kokoro,14,14,1648,0.038093803230186074,6.725947957423059e-05,0.008201187692903424,0.027079525403678417,0.06338046863675117,5.823534366576819,0.8944558202475098,0.9457567447539086,4.225,8.1,157.00901233071198,1059.2971941992337,32.546846148271165,99.6485490234379,218.8519938049655
hexgrad/Kokoro-82M,kokoro,15,15,1728,0.03897107690979743,5.810100099992978e-05,0.007622401262064978,0.02787834405899048,0.06207163445651531,6.21116645244216,0.8857047608539959,0.9411188877362923,4.625,8.55,163.34538448015778,1017.4420206096449,31.89736698553103,109.96100006698113,225.6480506559185
hexgrad/Kokoro-82M,kokoro,16,16,1899,0.039805134794865,6.462957607883025e-05,0.008039252208932758,0.028832070529460907,0.06490740459412336,6.561541837331773,1.117597549595454,1.0571648639618392,4.775,9.225,169.0568623672852,1129.3631492242018,33.605998708924005,109.24911338391338,234.69015099953282
hexgrad/Kokoro-82M,kokoro,17,17,1992,0.03879605495707698,5.454836465776279e-05,0.007385686471666855,0.027883686125278473,0.052096412517130375,6.672991071428571,1.244507682955995,1.1155750458646854,4.575,9.075,175.19224728883827,1054.9370835940933,32.4797950054198,118.01045450055523,236.12067809221702
hexgrad/Kokoro-82M,kokoro,18,18,1695,0.04156165457651263,6.475331824837124e-05,0.0080469446529954,0.030409914441406727,0.06630549300462008,7.3591311475409835,1.1469768680462242,1.0709700593603093,5.425,10.025,181.02465860156647,1108.5619580058983,33.29507408019838,121.01083686431629,239.5350699416204
hexgrad/Kokoro-82M,kokoro,19,19,1792,0.04274357394107315,5.527087183781051e-05,0.007434438232833097,0.031088411808013916,0.06574318930506706,7.806172456575682,1.2020617767103423,1.0963857791445228,5.725,10.275,185.76240769308706,1063.361490142248,32.609224003987705,126.46938107741704,246.9431708995309
hexgrad/Kokoro-82M,kokoro,20,20,1740,0.044168107186611814,5.9451680006580786e-05,0.007710491554147556,0.031564924865961075,0.06791632622480392,8.249058109833971,1.582376587300131,1.2579255094400983,5.975,11.45,189.60742019906752,1042.8042042249792,32.292479065952485,126.4144405960672,250.55922111044507
hexgrad/Kokoro-82M,kokoro,21,21,1679,0.044260193998133364,4.930874818966489e-05,0.00702201881154308,0.03249319922178984,0.05965716764330864,8.560043017868962,1.3757565997378152,1.1729265108001503,6.45,11.3,196.49839400476003,964.313646600153,31.053399920140034,136.79381266484688,254.19787218619723
hexgrad/Kokoro-82M,kokoro,22,22,1578,0.04579685253130508,4.916605385471603e-05,0.00701185095782248,0.032941984944045544,0.06676275748759508,8.97024647887324,1.7022467702340807,1.3047017936042247,6.575,11.875,198.59047311870287,1022.687823857164,31.979490675386998,140.27771998040876,259.61107104675403
hexgrad/Kokoro-82M,kokoro,23,23,1530,0.046085819274224935,5.168240996927093e-05,0.0071890479181370695,0.03411118034273386,0.06741512287408113,9.332311320754716,1.7827372739066736,1.3351918491013468,6.9,12.55,204.49008920274628,963.6315358978104,31.042415110583946,139.81655632003225,260.64180535077446
hexgrad/Kokoro-82M,kokoro,24,24,1274,0.04847919672766593,4.453900343505394e-05,0.006673754822815559,0.034905826672911644,0.0672957943752408,9.808049738219895,1.7037806423777675,1.3052894860442903,7.525,12.825,204.83882730060708,769.7730795027715,27.744784726192623,150.67563923306878,260.2063355845945
hexgrad/Kokoro-82M,kokoro,25,25,1165,0.04963012216603818,4.611504246012519e-05,0.0067908057298177215,0.03650137037038803,0.07052854727953672,10.355243088655863,1.6523295166943686,1.28542970118726,8.025,13.175,210.63425194119475,780.0062469965212,27.92859192649213,153.48394965652133,264.32315682286537
hexgrad/Kokoro-82M,kokoro,26,26,1124,0.052234850594729716,8.156797485949257e-05,0.00903149903723034,0.037525287829339504,0.08578066900372505,10.739204545454546,1.6657017634971254,1.2906206892410819,8.45,13.925,209.98821018787754,929.4874771984727,30.487497063525446,138.4080038523855,266.7912332292271
hexgrad/Kokoro-82M,kokoro,27,27,1056,0.052382001542535264,5.988609524823365e-05,0.007738610679458791,0.03824406489729881,0.07860815059393644,11.127368421052632,2.315318074792244,1.5216169277424079,8.35,14.925,215.5329516594446,815.7243009771627,28.56088760835634,152.69664376653134,271.4100180690043
hexgrad/Kokoro-82M,kokoro,28,28,895,0.05371723515762491,5.93508946162594e-05,0.00770395318107914,0.038585993461310863,0.07653239648789167,11.552639751552794,2.400805919910497,1.549453426183084,8.7,15.05,217.40214297375974,778.970412476559,27.91004142735297,152.8764358221956,271.01513684907434
hexgrad/Kokoro-82M,kokoro,29,29,792,0.054694144081408054,5.584910173324148e-05,0.007473225657856283,0.040808784775435925,0.08445907663553953,12.023455056179776,2.23860014123848,1.4961952216333536,9.15,15.45,222.53119046885422,790.1199027169201,28.109071537795767,150.86926744039715,278.71170191500386
hexgrad/Kokoro-82M,kokoro,30,30,685,0.05810623216885029,0.00010304380248519594,0.010151049329266209,0.042568317614495754,0.10665511339902878,12.486385737439223,2.421573160769027,1.5561404694850098,9.675,15.875,218.02439210356147,803.4114299262473,28.34451322436579,138.35983574064815,271.6354847673582
hexgrad/Kokoro-82M,kokoro,31,31,561,0.05756293601070595,5.576498625257534e-05,0.007467595747800984,0.042607538402080536,0.08621141221374273,12.791485148514852,2.4361527448289384,1.5608179729965113,9.925,16.65,224.08130168576938,594.297625581849,24.378220312029526,158.40286321638342,272.3421935591077
hexgrad/Kokoro-82M,kokoro,32,32,528,0.05862624646250565,8.630884654309574e-05,0.009290255461670349,0.04286649636924267,0.09516456909477711,13.192384453781512,2.791826194632265,1.6708758764888147,10.35,17.0,228.84760206956298,723.2712035032463,26.893701930066197,153.24596191528244,272.3040212698876
hexgrad/Kokoro-82M,kokoro,33,33,480,0.061607549107133376,0.00012635184914049462,0.011240633840691308,0.04518324788659811,0.10915571264922619,13.650694444444445,2.9907344714506174,1.729374011441891,10.475,17.1,223.96721595948796,913.48313071798,30.223883448656625,139.8141616360274,277.27013976354056
hexgrad/Kokoro-82M,kokoro,34,34,390,0.06363338738413794,0.00018103801183830197,0.013455036671756118,0.04591796547174454,0.11403416469693184,14.2,3.0887499999999997,1.7574839970821925,11.025,18.025,228.4752290978353,996.7795577217933,31.57181587621772,131.32029370144465,279.65776145055975
hexgrad/Kokoro-82M,kokoro,35,35,279,0.06407525300222683,0.000122596870416887,0.011072347105148348,0.045872028917074203,0.09886928461492062,14.897709163346613,3.0540062062506945,1.747571516777123,11.425,19.275,236.11334458805447,642.6800246761574,25.35113458360705,160.66917228774346,285.08579410388177
hexgrad/Kokoro-82M,kokoro,36,36,312,0.06535999353842012,0.0001255363249192693,0.0112042993943963,0.04806138575077057,0.10365744773298502,15.1125,4.4688125,2.113956598419182,12.0,20.725,233.7944967230464,570.7356863265328,23.890075059039326,140.03658000162895,273.7609594187637
hexgrad/Kokoro-82M,kokoro,37,37,240,0.06574571529334342,0.00010704835107220272,0.01034641730611146,0.048104328103363514,0.10146140400320292,15.394097222222221,4.220060643325617,2.0542786187188966,11.925,21.05,237.4214123150172,621.2974187012728,24.92583837509328,164.06659400714085,278.26739698723446
hexgrad/Kokoro-82M,kokoro,38,38,242,0.066862187762702,8.542099702630195e-05,0.009242348025599445,0.055019850842654705,0.10423406958580017,15.737729357798164,2.30539128913812,1.5183515038152793,12.625,18.9,236.94762966892472,785.125160877086,28.020084954851335,155.5881632882309,287.7898068533522
hexgrad/Kokoro-82M,kokoro,39,39,167,0.06793250954580425,0.00013386039294553223,0.011569805225047318,0.05678173340857029,0.11220846138894558,16.00662251655629,3.931106804526117,1.9827018950225768,12.175,21.225,238.01393401816685,618.0228897612755,24.86006616566568,148.30376408571277,273.79153104366117
hexgrad/Kokoro-82M,kokoro,40,40,146,0.0803010629447685,0.0010065179176184224,0.031725666543327695,0.055492598563432693,0.2140192436054349,17.269318181818182,8.046085141184573,2.8365622047091748,12.65,29.025,231.60253497675345,1323.96889247576,36.386383338767814,115.96239551874082,276.8703633564725
hexgrad/Kokoro-82M,kokoro,41,41,120,0.07405884839007976,0.00028635517324561015,0.016922032184274148,0.059020635671913624,0.1417613225057721,17.00023148148148,5.3482927704903975,2.312637621956885,13.375,21.8,234.00865043069302,1124.9726780245808,33.54061236806181,131.73550916357746,275.96072131849957
hexgrad/Kokoro-82M,kokoro,42,42,124,0.07635998751668792,0.00033788465250561713,0.018381639004877045,0.05849138740450144,0.13513523899018764,17.888392857142858,5.020211256377551,2.24058279391268,14.1,23.525,243.14591197313808,824.8463452272738,28.72013832186875,151.39423362220504,279.8460741580621
hexgrad/Kokoro-82M,kokoro,43,43,96,0.07888025952892941,0.00024448931891763196,0.015636154224029385,0.059637634083628654,0.1362003032118082,18.593313953488373,6.068857913061114,2.4635052086531326,13.8,22.625,240.02014061985255,1181.1088178999526,34.367263753460975,156.32552969351318,276.64455051650845
hexgrad/Kokoro-82M,kokoro,44,44,72,0.07341758685652167,0.00010517300480152583,0.010255389061441102,0.06163028534501791,0.11456936597824097,17.5390625,4.67267333984375,2.161636727075979,14.575,22.4,240.4500709996066,674.4227912089274,25.969651349391032,179.78739927103322,276.58010147610514
hexgrad/Kokoro-82M,kokoro,45,45,67,0.07695562659655927,0.00026557359303576585,0.016296428843024655,0.0618565957993269,0.14201990142464638,18.281147540983607,4.240874092985757,2.0593382657994184,14.425,23.5,242.41069415547955,785.8524695700864,28.033060296194677,164.7212336151125,280.27544131317865
hexgrad/Kokoro-82M,kokoro,46,46,70,0.10139539912943879,0.0015938999193797446,0.0399236761756698,0.06505632307380438,0.23744601104408503,20.273790322580645,9.237448133454732,3.0393170504991303,15.1,27.2,217.6412994956159,2210.410965586159,47.01500787606186,99.07515353303732,279.59463066872934
hexgrad/Kokoro-82M,kokoro,47,47,60,0.0947061281616765,0.001061935116178741,0.03258734595174546,0.06543887034058571,0.18231617473065853,19.72962962962963,4.845302640603568,2.2012048156869835,15.975,25.625,221.82441359677483,2168.8062784558406,46.57044425873389,124.2347259285226,274.5222909881305
hexgrad/Kokoro-82M,kokoro,48,48,47,0.1074307530598585,0.0008137314983558207,0.02852597935839926,0.06983398552983999,0.16421601455658674,21.56918604651163,22.70083829096809,4.764539672514869,15.975,32.425,211.58940369805097,1754.1510549773773,41.88258653638022,139.37938230567494,267.77160233525393
hexgrad/Kokoro-82M,kokoro,49,49,30,0.08717148657888174,0.00034582330001825615,0.018596324906234998,0.06647065747529268,0.1421077372506261,19.889423076923077,6.226739090236688,2.49534348141427,16.625,25.375,231.861105237066,1071.075545495988,32.72729053093134,173.22749114872298,272.7831570734967
hexgrad/Kokoro-82M,kokoro,50,50,29,0.09404401791592439,0.0007177250135877238,0.026790390321675493,0.07065356243401766,0.16675684787333012,21.41759259259259,6.893093278463649,2.625470106183586,18.55,30.675,237.50803281737083,1412.7246020556943,37.58622888845986,145.07144137506006,278.35409059567866
hexgrad/Kokoro-82M,kokoro,51,51,37,0.12082908621452974,0.00336235688551665,0.057985833489884835,0.07257212232798338,0.29762184619903564,22.656060606060606,8.435039026629937,2.9043138650342075,18.5,29.0,212.9755058655291,3421.7392207079647,58.49563420211772,90.2991508964273,277.8636897475406
hexgrad/Kokoro-82M,kokoro,52,52,32,0.09262556669169239,0.0008132425705360684,0.028517408201589226,0.07142238784581423,0.19265463575720787,21.52410714285714,5.8762268813775504,2.4240930018003746,17.575,25.875,241.52335774248476,1640.6548867299252,40.504998293172726,142.74247744890368,282.52399402445405
hexgrad/Kokoro-82M,kokoro,53,53,37,0.1065340976259022,0.0008033689214683077,0.028343763361069533,0.07286697253584862,0.1703934008255601,22.23939393939394,7.37208448117539,2.715158279212354,17.95,29.75,219.39447530275456,2374.239091232572,48.72616433942417,141.78595242353612,275.5664647132848
hexgrad/Kokoro-82M,kokoro,54,54,28,0.12343137184731089,0.004911163566016707,0.07007969439157613,0.06982304621487856,0.34720910154283047,23.614423076923078,27.315392936390523,5.226413008593037,17.75,46.425,217.59338238039788,2514.3990432660985,50.14378369515107,125.70040298878244,277.09272145679853
hexgrad/Kokoro-82M,kokoro,55,55,9,0.14293934549722406,0.003495190698932524,0.05912013784602099,0.07193640526384115,0.27483154088258743,22.319444444444443,10.287191358024689,3.2073651737874638,18.05,27.9,173.1270722591598,2040.3436407255592,45.17016316912702,101.5167324332666,250.91606862753312
hexgrad/Kokoro-82M,kokoro,56,56,35,0.12104240471437093,0.002088798281940343,0.045703372763291145,0.07490219455212355,0.23486563470214605,24.779838709677417,6.102960457856399,2.470417061521475,19.4,28.925,221.56689058361806,2673.114139544577,51.70216764841274,123.15552267441066,284.3549574119225
hexgrad/Kokoro-82M,kokoro,57,57,29,0.14101329697640957,0.0029833221458801244,0.054619796281935404,0.086336400359869,0.3255336042493582,25.491666666666667,16.97115740740741,4.119606462686383,19.2,38.6,200.43185249966396,2840.9802750586286,53.30084685123332,127.54537647173497,287.7162646024746
hexgrad/Kokoro-82M,kokoro,58,58,21,0.13802139186545423,0.002650774931491543,0.051485676954775905,0.07886675838381052,0.27006098348647356,28.044736842105266,33.46918282548477,5.7852556404609095,20.775,37.1,216.0468219461458,2035.2927017917764,45.11421839943341,126.50793240631073,275.72598562277767
hexgrad/Kokoro-82M,kokoro,59,59,15,0.11202538880304648,0.0030536558749148955,0.05525989390973254,0.07434649486094713,0.2549023237079382,23.46153846153846,14.229674556213011,3.772224086160976,19.825,34.175,238.1804880894905,2647.450921409045,51.45338590811148,134.07096295896073,300.6194177923518
hexgrad/Kokoro-82M,kokoro,60,60,17,0.14195262491703034,0.003099698251195753,0.05567493377809939,0.07766736019402742,0.23256354220211506,29.486666666666668,82.39182222222222,9.076994118221197,19.375,50.95,225.81084861348737,2178.4952241794517,46.67435295940857,146.96548188957436,281.98600613489316
hexgrad/Kokoro-82M,kokoro,61,61,27,0.1462796539440751,0.003149941612390822,0.05612434064103401,0.08260261733084917,0.2527134772390127,25.326,11.244824000000003,3.35333028495554,19.525,35.825,197.80545646358,3937.3511010678535,62.748315523748154,95.5627703905925,284.7236413507525
hexgrad/Kokoro-82M,kokoro,62,62,17,0.16241052616387605,0.002213336850514828,0.04704611408516997,0.0882426043972373,0.22738339100033045,28.095000000000002,5.741766666666671,2.396198377986821,24.4,32.2,191.63023488840926,3381.7281842140815,58.15262835172699,116.323359782956,276.5104244901901
hexgrad/Kokoro-82M,kokoro,63,63,12,0.1295131066814065,0.004364838470537253,0.06606692417948071,0.08555677626281977,0.30316350888460875,26.692500000000003,11.526006249999998,3.3949972385850327,22.225,34.4,232.3142703561385,3014.884559746092,54.90796444730119,118.96508930205047,277.88564551527935
hexgrad/Kokoro-82M,kokoro,64,64,14,0.1646370797728499,0.0035517675674307313,0.05959670768952536,0.08666397910565138,0.30898689199239016,30.506249999999998,29.516367187499995,5.4328967584061445,24.05,40.9,198.76656763110964,2087.491947164566,45.68907907984759,126.61109734114827,270.29684352991416
hexgrad/Kokoro-82M,kokoro,65,65,6,0.16446314348528782,0.002505970432074032,0.05005966871718222,0.11373316776007414,0.2304769977927208,31.49166666666667,8.207430555555565,2.8648613501451625,25.65,33.7,205.60936485736906,2360.600150849534,48.58600776817884,143.5067287267685,264.874359813403
hexgrad/Kokoro-82M,kokoro,66,66,14,0.2171303074962149,0.017461034362813137,0.13214020721496217,0.12305447272956371,0.5828060805797577,37.03958333333333,510.70733940972224,22.598834912661367,23.525,111.45,191.81617575681386,1524.206341113658,39.041085296308786,103.26289051942146,228.354153869362
hexgrad/Kokoro-82M,kokoro,67,67,9,0.14206465892493725,0.0027343446657206506,0.05229096160638711,0.08609675243496895,0.22306028008460999,28.666666666666668,26.79902777777777,5.17677774081308,23.05,38.3,220.159321985595,2956.7202502275823,54.3757321810712,133.48295566864246,280.06068511122396
hexgrad/Kokoro-82M,kokoro,68,68,7,0.21239154706043856,0.006674825365395485,0.08169960443842728,0.07834183424711227,0.33772098552435637,29.214285714285715,22.882117346938774,4.783525618927819,20.575,37.775,157.82638523402957,3124.7105714660397,55.899110650045586,111.17369144233551,262.63107313904135
hexgrad/Kokoro-82M,kokoro,69,69,3,0.14218067222585282,0.0017785141762496767,0.042172433843088504,0.08253984432667494,0.17200108617544174,24.025000000000002,2.644999999999999,1.626345596729059,21.725,25.175,185.31230813617586,3033.7303520122914,55.079309654463636,146.36535477643093,263.2062148556657
hexgrad/Kokoro-82M,kokoro,70,70,9,0.1607967579944266,0.00663143120622724,0.08143359998322093,0.09880343172699213,0.37641064543277025,27.552777777777777,4.418256172839507,2.101964836251907,25.575,32.625,196.7473269170433,3179.0809582562924,56.38333936772717,86.67395674341275,280.60766225821084
hexgrad/Kokoro-82M,kokoro,71,71,10,0.17286171969026326,0.004453173972250964,0.0667321060079102,0.10107879713177681,0.34428387228399515,35.3125,48.78628125000001,6.984717692935056,23.45,49.95,216.41010172708235,1358.8526893865203,36.86261913356836,145.08376378082826,275.905512988733
hexgrad/Kokoro-82M,kokoro,72,72,8,0.23641776212025434,0.001384040680458643,0.037202697220210294,0.14569394942373037,0.2745432611554861,31.571875,20.304599609374993,4.506062539443388,25.05,40.425,137.88419030655143,1065.2270598844623,32.63781640803291,91.24245080564214,205.2247201634987
hexgrad/Kokoro-82M,kokoro,73,73,5,0.14503273405134678,0.0007774249747480122,0.027882341629569284,0.11033029016107321,0.19250841531902552,29.514999999999997,7.756650000000001,2.785076300570597,25.65,32.875,209.1969382343244,1185.3775420908178,34.429312251202724,163.81750796143677,242.90700188383616
hexgrad/Kokoro-82M,kokoro,74,74,6,0.18595176795497537,0.011323506794421455,0.10641196734588387,0.11118536535650492,0.41915879119187593,33.025,32.239583333333336,5.677991135369386,24.675,40.475,210.9591735767598,4707.764557594628,68.61315149149344,89.9420477208655,273.4719467087763
hexgrad/Kokoro-82M,kokoro,75,75,6,0.13777179876342416,0.0012089423327360386,0.03476984804016317,0.0929883923381567,0.18534306716173887,30.625,33.52208333333335,5.789825846546107,24.55,42.45,228.97029498816468,1393.3515150585165,37.32762402107207,167.24221637173108,278.52938790266876
hexgrad/Kokoro-82M,kokoro,76,76,5,0.26314190998673437,0.028379778899310315,0.1684629897019233,0.09743521176278591,0.46558118518441916,34.765,66.47089999999999,8.152968784436746,28.05,44.75,182.47872727263706,7383.374264934223,85.92656320913936,96.1164270035403,287.88360483364113
hexgrad/Kokoro-82M,kokoro,77,77,10,0.25628710985183717,0.008241958145954686,0.09078523088010894,0.10001159086823463,0.35930128395557404,37.57,56.88359999999999,7.542121717394913,27.75,48.525,167.7693552986354,3910.4190537352474,62.533343535551076,96.57633175697335,277.4678390683801
hexgrad/Kokoro-82M,kokoro,78,78,6,0.13362031864623228,0.0020632726951494034,0.04542326160844687,0.09382482245564461,0.20986972376704216,30.133333333333336,16.403888888888883,4.050171464134436,25.85,36.8,241.81070849804107,2441.539767883475,49.41193952764327,147.9489248981233,278.76361796312915
hexgrad/Kokoro-82M,kokoro,79,79,19,0.1972769911894027,0.00603766863643986,0.07770243648972573,0.09920635353773832,0.3279809048399329,34.904411764705884,27.839943771626295,5.2763570549789645,27.175,39.625,200.34903172366757,2863.138266238104,53.50830090965423,118.90936156491632,280.01805304855543
hexgrad/Kokoro-82M,kokoro,80,80,3,0.2581325226152937,0.008044714028409714,0.08969232981927559,0.1341441161930561,0.3433048911392689,35.475,44.97041666666667,6.705998558504667,28.675,44.6,160.28099381863703,4511.475553654132,67.16751859086453,83.52633690956469,247.12228117625028
hexgrad/Kokoro-82M,kokoro,81,81,9,0.29824928991082644,0.025396209894652282,0.1593618834434768,0.10588922444730997,0.583108059130609,39.519444444444446,100.7678858024691,10.038320865686108,28.975,54.275,161.02582813221113,4018.5814219261356,63.39228203753305,93.07880271955402,273.63501953324663
hexgrad/Kokoro-82M,kokoro,82,82,2,0.12357854563742876,0.0,0.0,0.12357854563742876,0.12357854563742876,31.075,0.0,0.0,31.075,31.075,251.45950569099577,0.0,0.0,251.45950569099577,251.45950569099577
hexgrad/Kokoro-82M,kokoro,83,83,3,0.2175329579040408,0.0009569044535381483,0.030933872268730733,0.1738281762227416,0.24105139914900064,37.666666666666664,11.97263888888888,3.4601501251952755,34.225,42.4,179.59759348278348,2076.625624828597,45.57000795291347,143.97232466585305,243.91902924684135
hexgrad/Kokoro-82M,kokoro,84,84,3,0.20592415239661932,0.000829014858183611,0.028792618119643287,0.1789685394614935,0.24583240505307913,40.10833333333333,18.406805555555565,4.29031532122705,34.05,43.425,201.06763661499,2027.4284691439602,45.026974905538125,138.50899759390165,242.64041116200332
hexgrad/Kokoro-82M,kokoro,85,85,3,0.3185640359297395,0.004496713034763821,0.06705753525714929,0.2238344168290496,0.3697751425206661,43.14166666666667,89.3176388888889,9.450800965467895,35.05,56.4,137.9978302546634,551.1677180317761,23.47696143098114,104.87939881019955,156.58896650718796
hexgrad/Kokoro-82M,kokoro,86,86,8,0.265565782552585,0.019527309752806105,0.13974015082575983,0.14071855321526527,0.5465402603149414,53.159375,602.131708984375,24.53837217470578,29.85,103.2,208.44059195637598,878.881373245426,29.64593350268171,156.89684910126695,241.7845714884094
hexgrad/Kokoro-82M,kokoro,87,87,9,0.2145046948765715,0.003694329355201574,0.06078099501654752,0.13602298218756914,0.31357419211417437,40.419444444444444,22.600524691358014,4.754000914109926,33.525,45.05,205.30050139470617,3956.511318018097,62.90080538449485,124.28957160797457,276.62745410379694
hexgrad/Kokoro-82M,kokoro,88,88,2,0.21073913387954235,0.0015497069860223624,0.03936631791293621,0.17137281596660614,0.25010545179247856,41.625,7.839999999999984,2.799999999999997,38.825,44.425,202.08896361458426,598.4817742626494,24.463887145395546,177.6250764691887,226.5528507599798
hexgrad/Kokoro-82M,kokoro,89,89,6,0.34024749090895057,0.005342590447821131,0.07309302598621246,0.21070332825183868,0.4637985872104764,79.625,306.62187499999993,17.51062177651039,42.75,90.225,236.45129292055753,1674.1665878270853,40.91658084233194,159.76762768010045,264.01205580604284
hexgrad/Kokoro-82M,kokoro,90,90,3,0.3318456852187713,0.008720639711794102,0.09338436545693343,0.20153043698519468,0.4155616397038102,58.31666666666666,331.9959722222223,18.220756631441578,44.825,84.075,182.14056276025613,1894.9876605068114,43.53145598882274,121.68215344185583,222.42297823873147
hexgrad/Kokoro-82M,kokoro,91,91,7,0.41142863248075756,0.07199792018754109,0.26832428177028833,0.2462784582749009,1.0623215762898326,59.471428571428575,1440.507219387755,37.95401453585318,30.525,149.725,144.19223635896992,190.06908009406789,13.786554322747504,123.94506695314531,157.43344377819633
hexgrad/Kokoro-82M,kokoro,92,92,2,0.2829022197984159,0.0013180012652356315,0.036304287146776915,0.24659793265163898,0.3192065069451928,50.087500000000006,67.85640625,8.2375,41.85,58.325,176.21407913351925,42.310174918581815,6.504627192897516,169.70945194062173,182.71870632641676
hexgrad/Kokoro-82M,kokoro,93,93,3,0.3111409703269601,0.006852790005798555,0.08278158011175285,0.20154343824833632,0.40158339962363243,42.475,39.139999999999986,6.25619692784682,34.575,49.875,147.36804951504675,2232.3491254452433,47.24774201425126,104.67881036114915,213.22946742154602
hexgrad/Kokoro-82M,kokoro,94,94,5,0.3075517011806369,0.006371943829015107,0.07982445633397767,0.2482208563014865,0.46246340312063694,42.410000000000004,42.9969,6.557202147257624,36.075,53.625,144.99082111850626,1421.6303583090444,37.704513765715696,98.71051350649657,207.86255757591488
hexgrad/Kokoro-82M,kokoro,95,95,1,0.48993023205548525,0.0,0.0,0.48993023205548525,0.48993023205548525,69.25,0.0,0.0,69.25,69.25,141.34665605236083,0.0,0.0,141.34665605236083,141.34665605236083
hexgrad/Kokoro-82M,kokoro,96,96,4,0.2353674746118486,0.0011928525880485106,0.03453769807107171,0.19536653626710176,0.26966925896704197,46.1125,46.07015624999997,6.787499999999998,39.325,52.9,195.95316584136037,15.436664878148814,3.9289521348762717,190.19190686581663,201.28831043119658
hexgrad/Kokoro-82M,kokoro,98,98,1,0.15066995937377214,0.0,0.0,0.15066995937377214,0.15066995937377214,35.25,0.0,0.0,35.25,35.25,233.95506407852753,0.0,0.0,233.95506407852753,233.95506407852753
hexgrad/Kokoro-82M,kokoro,99,99,1,0.3657916262745857,0.0,0.0,0.3657916262745857,0.3657916262745857,58.6,0.0,0.0,58.6,58.6,160.20049610433463,0.0,0.0,160.20049610433463,160.20049610433463
hexgrad/Kokoro-82M,kokoro,100,100,6,0.2453795502272745,0.004118094861942706,0.06417238395090762,0.14755628071725368,0.3267308250069618,41.69583333333333,37.566961805555565,6.129189326946555,35.15,51.975,178.05118287739958,1495.8755547224334,38.6765504501427,135.58030346828815,259.0536967602652
hexgrad/Kokoro-82M,kokoro,101,101,1,0.122761863283813,0.0,0.0,0.122761863283813,0.122761863283813,30.075,0.0,0.0,30.075,30.075,244.98650635881637,0.0,0.0,244.98650635881637,244.98650635881637
hexgrad/Kokoro-82M,kokoro,103,103,7,0.3067486566890563,0.012208054642822628,0.11049006581056338,0.15147182159125805,0.42905295360833406,44.31785714285714,29.135663265306118,5.397746128274848,39.1,53.5,169.50836210777112,4986.624197222761,70.61603357044886,93.40338916902768,262.05422978004015
hexgrad/Kokoro-82M,kokoro,104,104,2,0.23380198329687119,0.003606935121529573,0.06005776487290859,0.1737442184239626,0.2938597481697798,56.5625,46.41015625,6.8125,49.75,63.375,251.00228485912862,1248.7868558386633,35.33817844539618,215.66410641373244,286.3404633045248
hexgrad/Kokoro-82M,kokoro,105,105,1,0.2078136559575796,0.0,0.0,0.2078136559575796,0.2078136559575796,54.325,0.0,0.0,54.325,54.325,261.4120797292032,0.0,0.0,261.4120797292032,261.4120797292032
hexgrad/Kokoro-82M,kokoro,106,106,1,0.23440710920840502,0.0,0.0,0.23440710920840502,0.23440710920840502,43.975,0.0,0.0,43.975,43.975,187.60096546774534,0.0,0.0,187.60096546774534,187.60096546774534
hexgrad/Kokoro-82M,kokoro,108,108,2,0.2721806042827666,0.011110411053252452,0.10540593462064862,0.16677466966211796,0.3775865389034152,45.1875,101.25390625,10.0625,35.125,55.25,178.46879545345934,1033.283229679017,32.14472320115725,146.3240722523021,210.6135186546166
hexgrad/Kokoro-82M,kokoro,109,109,4,0.5294795467052609,0.015567567446570263,0.12477005829352755,0.40248967055231333,0.6542396424338222,73.975,156.24999999999991,12.499999999999996,61.475,86.475,153.81852708700845,3583.252535540444,59.86027510411595,93.96404010510314,214.85023424659656
hexgrad/Kokoro-82M,kokoro,110,110,4,0.6669964345637709,0.0055864555754788665,0.0747425954558635,0.6209944607689977,0.7964188326150179,62.60625,111.73167968749998,10.570320699368585,53.8,80.675,93.34187875801574,27.261468182739314,5.221251591595574,86.63523332136926,101.29720279856517
hexgrad/Kokoro-82M,kokoro,111,111,3,0.5633913716301322,0.0023244142125660745,0.04821217908958352,0.49520905409008265,0.597482530400157,56.6,2.0,1.4142135623730951,55.6,58.6,101.48269681759717,141.98088849928735,11.915573360073251,93.0571140929636,118.33386226686432
hexgrad/Kokoro-82M,kokoro,112,112,3,0.36958415992558,0.04377478680774983,0.2092242500470484,0.22164027392864227,0.6654719319194555,62.57500000000001,195.03125,13.965358928434314,52.7,82.325,199.75151404057888,2891.2167989128843,53.770036255454436,123.70919951882222,237.77267130145725
hexgrad/Kokoro-82M,kokoro,113,113,1,0.3662725733593106,0.0,0.0,0.3662725733593106,0.3662725733593106,62.675,0.0,0.0,62.675,62.675,171.11573335991034,0.0,0.0,171.11573335991034,171.11573335991034
hexgrad/Kokoro-82M,kokoro,114,114,2,0.31569586507976055,0.0045250977170479025,0.0672688465565443,0.24842701852321625,0.38296471163630486,56.925,26.780625000000008,5.175000000000001,51.75,62.1,185.2333040088563,532.5650673188251,23.077371326015992,162.1559326828403,208.3106753348723
hexgrad/Kokoro-82M,kokoro,115,115,3,0.37000592953215045,0.012766629293494796,0.11298950966127252,0.21021463256329298,0.44990157801657915,58.10833333333333,160.8022222222223,12.680781609278755,40.175,67.075,163.0968401904215,392.4860480039486,19.81126063641455,149.08816345055862,191.11419367014716
hexgrad/Kokoro-82M,kokoro,117,117,3,0.327396004460752,0.003103265488845779,0.05570696086527947,0.24861446488648653,0.36678677424788475,58.925000000000004,7.8012499999999925,2.793071785686861,54.975,60.9,184.3995169756869,674.3992313782167,25.96919774229109,166.03652115013853,221.12550862678376
hexgrad/Kokoro-82M,kokoro,118,118,2,0.33967073168605566,0.0002487569226714559,0.015772029757499695,0.32389870192855597,0.35544276144355536,54.349999999999994,206.6406249999999,14.374999999999996,39.975,68.725,162.32295035191666,2485.7787897311973,49.85758507720964,112.46536527470703,212.1805354291263
hexgrad/Kokoro-82M,kokoro,119,119,4,0.3800874100998044,0.02416503251622115,0.15545106148309554,0.1970155406743288,0.5966089786961675,54.95,145.15906250000003,12.04819747929125,37.65,71.075,159.3186019221896,1421.3550939533113,37.70086330514609,98.47320790979809,191.10167589386418
hexgrad/Kokoro-82M,kokoro,120,120,2,0.5833571995608509,0.006065225821300559,0.07787955971434712,0.5054776398465037,0.661236759275198,75.7375,31.500156249999968,5.612499999999997,70.125,81.35,130.8786051488447,61.64710456371806,7.85156701326035,123.02703813558435,138.73017216210505
hexgrad/Kokoro-82M,kokoro,121,121,4,0.5686668292619288,0.03764647678201711,0.19402700013662302,0.42795584723353386,0.9033047035336494,61.5625,136.39890624999995,11.678994231097127,41.6,71.3,114.70938052673847,751.4336674601922,27.412290445349367,78.93239094303462,141.3494208078925
hexgrad/Kokoro-82M,kokoro,122,122,1,0.7027408936992288,0.0,0.0,0.7027408936992288,0.7027408936992288,64.925,0.0,0.0,64.925,64.925,92.3882480472066,0.0,0.0,92.3882480472066,92.3882480472066
hexgrad/Kokoro-82M,kokoro,123,123,3,0.2945583201944828,0.0011448321826681707,0.03383536881235626,0.24670788273215294,0.31848353892564774,62.1,136.95125000000004,11.702617228637363,45.55,70.375,208.85646002885952,293.42890534234795,17.129766645881315,184.6313117179679,220.96903418430534
hexgrad/Kokoro-82M,kokoro,125,125,1,0.47686229925602674,0.0,0.0,0.47686229925602674,0.47686229925602674,70.275,0.0,0.0,70.275,70.275,147.36958679610242,0.0,0.0,147.36958679610242,147.36958679610242
hexgrad/Kokoro-82M,kokoro,126,126,1,0.4672334585338831,0.0,0.0,0.4672334585338831,0.4672334585338831,43.575,0.0,0.0,43.575,43.575,93.26172859437892,0.0,0.0,93.26172859437892,93.26172859437892
hexgrad/Kokoro-82M,kokoro,127,127,1,0.5720612173900008,0.0,0.0,0.5720612173900008,0.5720612173900008,75.8,0.0,0.0,75.8,75.8,132.5033015624333,0.0,0.0,132.5033015624333,132.5033015624333
hexgrad/Kokoro-82M,kokoro,128,128,2,0.38309356290847063,0.0035131623229256587,0.05927193537354469,0.32382162753492594,0.4423654982820153,63.162499999999994,242.1914062499999,15.562499999999996,47.6,78.725,162.47910180071227,239.77272352386268,15.484596330672062,146.99450547004022,177.96369813138435
hexgrad/Kokoro-82M,kokoro,130,130,1,0.2911023059859872,0.0,0.0,0.2911023059859872,0.2911023059859872,54.725,0.0,0.0,54.725,54.725,187.99232735255043,0.0,0.0,187.99232735255043,187.99232735255043
hexgrad/Kokoro-82M,kokoro,131,131,2,0.4350706022232771,0.02086706347072622,0.14445436466485262,0.2906162375584245,0.5795249668881297,85.6125,1182.50015625,34.387499999999996,51.225,120.0,191.66476124656913,237.20257768206858,15.401382330234796,176.26337891633432,207.0661435768039
hexgrad/Kokoro-82M,kokoro,132,132,2,0.34675712836906314,0.03623555170055586,0.19035638077184558,0.15640074759721756,0.5371135091409087,48.3875,61.426406250000035,7.837500000000002,40.55,56.225,181.97489098753795,5974.512300440741,77.2949694381254,104.67992154941254,259.26986042566335
hexgrad/Kokoro-82M,kokoro,134,134,6,0.47731514864911634,0.0012737773276887527,0.03569001719933394,0.43619792629033327,0.5125104319304228,75.80833333333334,169.16805555555555,13.006462069123776,46.725,81.625,159.16309710582945,787.7787118161972,28.06739588590643,102.92672193909921,187.12835408041443
hexgrad/Kokoro-82M,kokoro,136,136,1,0.5294768316671252,0.0,0.0,0.5294768316671252,0.5294768316671252,58.55,0.0,0.0,58.55,58.55,110.58085358645036,0.0,0.0,110.58085358645036,110.58085358645036
hexgrad/Kokoro-82M,kokoro,137,137,2,0.5956789357587695,0.0,0.0,0.5956789357587695,0.5956789357587695,63.775,0.0,0.0,63.775,63.775,107.06270806565298,0.0,0.0,107.06270806565298,107.06270806565298
hexgrad/Kokoro-82M,kokoro,144,144,3,0.6356142302975059,0.0,0.0,0.6356142302975059,0.6356142302975059,73.175,0.0,0.0,73.175,73.175,115.12486113746962,0.0,0.0,115.12486113746962,115.12486113746962
hexgrad/Kokoro-82M,kokoro,148,148,1,0.5264441454783082,0.0,0.0,0.5264441454783082,0.5264441454783082,81.95,0.0,0.0,81.95,81.95,155.66703648217643,0.0,0.0,155.66703648217643,155.66703648217643
hexgrad/Kokoro-82M,kokoro,150,150,2,0.2635956462472677,0.0,0.0,0.2635956462472677,0.2635956462472677,62.25,0.0,0.0,62.25,62.25,236.15716301173637,0.0,0.0,236.15716301173637,236.15716301173637
hexgrad/Kokoro-82M,kokoro,152,152,1,0.3996579172089696,0.0,0.0,0.3996579172089696,0.3996579172089696,56.3,0.0,0.0,56.3,56.3,140.8704734117962,0.0,0.0,140.8704734117962,140.8704734117962
hexgrad/Kokoro-82M,kokoro,156,156,2,0.17697797156870365,0.0,0.0,0.17697797156870365,0.17697797156870365,46.625,0.0,0.0,46.625,46.625,263.45086671930784,0.0,0.0,263.45086671930784,263.45086671930784
hexgrad/Kokoro-82M,kokoro,158,158,3,0.628792179748416,0.1342671090143167,0.36642476583101846,0.20826997980475426,1.1012964360415936,76.89999999999999,270.71374999999995,16.453381111491947,58.175,98.225,165.7757216203536,6708.3572390672925,81.90456177202398,89.19033675715106,279.32494185929727
hexgrad/Kokoro-82M,kokoro,159,159,2,2.673564159311354,0.0,0.0,2.673564159311354,2.673564159311354,437.475,0.0,0.0,437.475,437.475,163.6298865229713,0.0,0.0,163.6298865229713,163.6298865229713
hexgrad/Kokoro-82M,kokoro,162,162,2,0.6702146138995886,0.0,0.0,0.6702146138995886,0.6702146138995886,77.6,0.0,0.0,77.6,77.6,115.78380773956984,0.0,0.0,115.78380773956984,115.78380773956984
hexgrad/Kokoro-82M,kokoro,163,163,1,0.4602348133921623,0.0,0.0,0.4602348133921623,0.4602348133921623,85.225,0.0,0.0,85.225,85.225,185.17721284891255,0.0,0.0,185.17721284891255,185.17721284891255
hexgrad/Kokoro-82M,kokoro,165,165,1,0.41762520745396614,0.0,0.0,0.41762520745396614,0.41762520745396614,61.3,0.0,0.0,61.3,61.3,146.78232756521757,0.0,0.0,146.78232756521757,146.78232756521757
hexgrad/Kokoro-82M,kokoro,166,166,1,0.23699935991317034,0.0,0.0,0.23699935991317034,0.23699935991317034,58.525,0.0,0.0,58.525,58.525,246.94159520701598,0.0,0.0,246.94159520701598,246.94159520701598
hexgrad/Kokoro-82M,kokoro,167,167,2,0.8496639654040337,0.0,0.0,0.8496639654040337,0.8496639654040337,107.325,0.0,0.0,107.325,107.325,126.31464245863909,0.0,0.0,126.31464245863909,126.31464245863909
hexgrad/Kokoro-82M,kokoro,169,169,1,0.7466600630432367,0.0,0.0,0.7466600630432367,0.7466600630432367,66.475,0.0,0.0,66.475,66.475,89.02980524907308,0.0,0.0,89.02980524907308,89.02980524907308
hexgrad/Kokoro-82M,kokoro,171,171,2,0.8645955459214747,0.0840267058702593,0.2898736032657325,0.5747219426557422,1.1544691491872072,87.73750000000001,7.357656249999993,2.7124999999999986,85.025,90.45,113.14440203146629,1210.8106265743086,34.796704248740404,78.34769778272589,147.9411062802067
hexgrad/Kokoro-82M,kokoro,173,173,2,0.578643137589097,0.0,0.0,0.578643137589097,0.578643137589097,100.125,0.0,0.0,100.125,100.125,173.0341094463998,0.0,0.0,173.0341094463998,173.0341094463998
hexgrad/Kokoro-82M,kokoro,175,175,2,1.1039489218965173,0.0,0.0,1.1039489218965173,1.1039489218965173,144.1,0.0,0.0,144.1,144.1,130.5314015366263,0.0,0.0,130.5314015366263,130.5314015366263
hexgrad/Kokoro-82M,kokoro,176,176,5,0.6439274149015546,0.0,0.0,0.6439274149015546,0.6439274149015546,64.925,0.0,0.0,64.925,64.925,100.82658153314674,0.0,0.0,100.82658153314674,100.82658153314674
hexgrad/Kokoro-82M,kokoro,177,177,1,0.6843722257763147,0.0,0.0,0.6843722257763147,0.6843722257763147,101.875,0.0,0.0,101.875,101.875,148.8590509125915,0.0,0.0,148.8590509125915,148.8590509125915
hexgrad/Kokoro-82M,kokoro,182,182,2,0.4943830696865916,0.0,0.0,0.4943830696865916,0.4943830696865916,84.225,0.0,0.0,84.225,84.225,170.36384367570162,0.0,0.0,170.36384367570162,170.36384367570162
hexgrad/Kokoro-82M,kokoro,188,188,3,0.491540774392585,0.0003850314839072881,0.019622219138193522,0.4637907659634948,0.50541577860713,82.19166666666666,76.4672222222222,8.744553860673637,69.825,88.375,166.75495901694376,131.25492355669127,11.45665411700516,150.5528033852575,174.85603683278688
hexgrad/Kokoro-82M,kokoro,192,192,2,0.9078386006876826,0.0002091231467858702,0.014461090788245201,0.8933775098994374,0.9222996914759278,114.3375,402.50390625,20.0625,94.275,134.4,125.62459831526365,403.93363680648366,20.09810032830177,105.52649798696189,145.72269864356542
hexgrad/Kokoro-82M,kokoro,194,194,2,0.36438453756272793,0.0,0.0,0.36438453756272793,0.36438453756272793,86.95,0.0,0.0,86.95,86.95,238.62154135734085,0.0,0.0,238.62154135734085,238.62154135734085
hexgrad/Kokoro-82M,kokoro,195,195,2,0.37066575046628714,0.0,0.0,0.37066575046628714,0.37066575046628714,78.325,0.0,0.0,78.325,78.325,211.3089755432471,0.0,0.0,211.3089755432471,211.3089755432471
hexgrad/Kokoro-82M,kokoro,197,197,1,0.4655303070321679,0.0,0.0,0.4655303070321679,0.4655303070321679,93.05,0.0,0.0,93.05,93.05,199.87957517354565,0.0,0.0,199.87957517354565,199.87957517354565
hexgrad/Kokoro-82M,kokoro,200,200,1,0.384609411470592,0.0,0.0,0.384609411470592,0.384609411470592,83.275,0.0,0.0,83.275,83.275,216.51836256837768,0.0,0.0,216.51836256837768,216.51836256837768
hexgrad/Kokoro-82M,kokoro,201,201,2,0.48426898662000895,0.002805220321294267,0.05296433065086603,0.4313046559691429,0.537233317270875,89.05,254.4025000000001,15.950000000000003,73.1,105.0,182.4657872104173,168.48095039998063,12.980021201830937,169.48576600858635,195.44580841224823
hexgrad/Kokoro-82M,kokoro,205,205,1,0.5980932591482997,0.0,0.0,0.5980932591482997,0.5980932591482997,114.825,0.0,0.0,114.825,114.825,191.9851097528064,0.0,0.0,191.9851097528064,191.9851097528064
hexgrad/Kokoro-82M,kokoro,208,208,1,0.470347436144948,0.0,0.0,0.470347436144948,0.470347436144948,84.65,0.0,0.0,84.65,84.65,179.97334203372426,0.0,0.0,179.97334203372426,179.97334203372426
hexgrad/Kokoro-82M,kokoro,209,209,1,0.4305145861580968,0.0,0.0,0.4305145861580968,0.4305145861580968,99.875,0.0,0.0,99.875,99.875,231.98981686377323,0.0,0.0,231.98981686377323,231.98981686377323
hexgrad/Kokoro-82M,kokoro,212,212,1,0.6114069344475865,0.0,0.0,0.6114069344475865,0.6114069344475865,72.825,0.0,0.0,72.825,72.825,119.11052344507388,0.0,0.0,119.11052344507388,119.11052344507388
hexgrad/Kokoro-82M,kokoro,215,215,1,0.9234079131856561,0.0,0.0,0.9234079131856561,0.9234079131856561,80.25,0.0,0.0,80.25,80.25,86.906337766964,0.0,0.0,86.906337766964,86.906337766964
hexgrad/Kokoro-82M,kokoro,216,216,2,0.9637004407122731,0.0,0.0,0.9637004407122731,0.9637004407122731,91.975,0.0,0.0,91.975,91.975,95.43940846599703,0.0,0.0,95.43940846599703,95.43940846599703
hexgrad/Kokoro-82M,kokoro,229,229,3,0.9028556505218148,0.0,0.0,0.9028556505218148,0.9028556505218148,81.45,0.0,0.0,81.45,81.45,90.21375670953061,0.0,0.0,90.21375670953061,90.21375670953061
hexgrad/Kokoro-82M,kokoro,254,254,2,0.31499848142266273,0.0,0.0,0.31499848142266273,0.31499848142266273,86.85,0.0,0.0,86.85,86.85,275.71561490629944,0.0,0.0,275.71561490629944,275.71561490629944
hexgrad/Kokoro-82M,kokoro,257,257,1,1.2456897730007768,0.0,0.0,1.2456897730007768,1.2456897730007768,162.475,0.0,0.0,162.475,162.475,130.42974544826635,0.0,0.0,130.42974544826635,130.42974544826635
hexgrad/Kokoro-82M,kokoro,264,264,2,0.6870018616318703,0.0010415242941100994,0.03227265551686287,0.6547292061150074,0.7192745171487331,133.05,148.84000000000006,12.200000000000003,120.85,145.25,193.25985773027276,75.33772595616186,8.679730753667528,184.58012697660521,201.93958848394027
hexgrad/Kokoro-82M,kokoro,279,279,1,0.8322764225304127,0.0,0.0,0.8322764225304127,0.8322764225304127,108.4,0.0,0.0,108.4,108.4,130.2451890568111,0.0,0.0,130.2451890568111,130.2451890568111
hexgrad/Kokoro-82M,kokoro,288,288,1,1.0608118819072843,0.0,0.0,1.0608118819072843,1.0608118819072843,193.95,0.0,0.0,193.95,193.95,182.83166252935254,0.0,0.0,182.83166252935254,182.83166252935254
hexgrad/Kokoro-82M,kokoro,316,316,1,0.5678964545950294,0.0,0.0,0.5678964545950294,0.5678964545950294,134.05,0.0,0.0,134.05,134.05,236.04655199968087,0.0,0.0,236.04655199968087,236.04655199968087
hexgrad/Kokoro-82M,kokoro,356,356,1,1.0136194098740816,0.0,0.0,1.0136194098740816,1.0136194098740816,133.025,0.0,0.0,133.025,133.025,131.23762104804726,0.0,0.0,131.23762104804726,131.23762104804726
hexgrad/Kokoro-82M,kokoro,363,363,1,1.1805411418899894,0.0,0.0,1.1805411418899894,1.1805411418899894,139.875,0.0,0.0,139.875,139.875,118.48379953625917,0.0,0.0,118.48379953625917,118.48379953625917
hexgrad/Kokoro-82M,kokoro,382,382,1,0.7802922213450074,0.0,0.0,0.7802922213450074,0.7802922213450074,191.35,0.0,0.0,191.35,191.35,245.2286396885588,0.0,0.0,245.2286396885588,245.2286396885588
hexgrad/Kokoro-82M,kokoro,481,481,2,1.5391530795022845,0.0,0.0,1.5391530795022845,1.5391530795022845,258.225,0.0,0.0,258.225,258.225,167.77083672762566,0.0,0.0,167.77083672762566,167.77083672762566
hexgrad/Kokoro-82M,kokoro,512,512,2,0.5148939453065395,0.0,0.0,0.5148939453065395,0.5148939453065395,132.3,0.0,0.0,132.3,132.3,256.9461171683343,0.0,0.0,256.9461171683343,256.9461171683343
hexgrad/Kokoro-82M,kokoro,522,522,2,1.5892686545848846,0.0,0.0,1.5892686545848846,1.5892686545848846,202.325,0.0,0.0,202.325,202.325,127.30698451536948,0.0,0.0,127.30698451536948,127.30698451536948
hexgrad/Kokoro-82M,kokoro,564,564,1,1.5976475421339273,0.0,0.0,1.5976475421339273,1.5976475421339273,294.1,0.0,0.0,294.1,294.1,184.0831549161212,0.0,0.0,184.0831549161212,184.0831549161212
hexgrad/Kokoro-82M,kokoro,908,908,1,2.7089067064225674,0.0,0.0,2.7089067064225674,2.7089067064225674,462.25,0.0,0.0,462.25,462.25,170.6407972279178,0.0,0.0,170.6407972279178,170.6407972279178
hexgrad/Kokoro-82M,kokoro,1251,1251,1,3.0673488173633814,0.0,0.0,3.0673488173633814,3.0673488173633814,432.925,0.0,0.0,432.925,432.925,141.13980045221328,0.0,0.0,141.13980045221328,141.13980045221328
hexgrad/Kokoro-82M,kokoro,2761,2761,4,8.096681869588792,0.0,0.0,8.096681869588792,8.096681869588792,1141.225,0.0,0.0,1141.225,1141.225,140.94971475740587,0.0,0.0,140.94971475740587,140.94971475740587
